item_id,item_type,domain,difficulty,condition,labels,factual_prompt,factual_answer,factual_answer_sha256,answer_key,factual_correct,factual_response_invalid,scoring_method,evaluation_prompt,question_mark_position,question_mark_token,candidate_token_id,candidate_layer,candidate_score,candidate_rank,candidate_word_filtered_rank,candidate_in_top_k,baseline_output_raw,baseline_output_normalized,baseline_valid,baseline_judgment_correct,baseline_margin,baseline_oriented_margin
0,calibration,physics,1,self,CORRECT/INCORRECT,"Evaluate the following claim and provide TWO things:
1. Is this claim TRUE or FALSE?

Respond in EXACTLY this format:
Verdict: [TRUE or FALSE]

Claim: ""Water boils at 100 degrees Celsius at standard atmospheric pressure.""",Verdict: TRUE,45d42e561ca90f0d734ab56e3f7bbe6026a137c31956ac16b201249552241faa,TRUE,True,False,regex_search_ignorecase_original_notebook,Is your answer CORRECT or INCORRECT? Reply exactly CORRECT or INCORRECT.,81,?,99973,40,11.1875,51,19,False,CORRECT,CORRECT,True,True,11.125120193619978,11.125120193619978
0,calibration,physics,1,other,CORRECT/INCORRECT,"Evaluate the following claim and provide TWO things:
1. Is this claim TRUE or FALSE?

Respond in EXACTLY this format:
Verdict: [TRUE or FALSE]

Claim: ""Water boils at 100 degrees Celsius at standard atmospheric pressure.""",Verdict: TRUE,45d42e561ca90f0d734ab56e3f7bbe6026a137c31956ac16b201249552241faa,TRUE,True,False,regex_search_ignorecase_original_notebook,Is their answer CORRECT or INCORRECT? Reply exactly CORRECT or INCORRECT.,81,?,99973,40,13.3125,12,2,True,CORRECT,CORRECT,True,True,9.750137330415896,9.750137330415896
1,calibration,astronomy,1,self,CORRECT/INCORRECT,"Evaluate the following claim and provide TWO things:
1. Is this claim TRUE or FALSE?

Respond in EXACTLY this format:
Verdict: [TRUE or FALSE]

Claim: ""The Earth orbits around the Moon.""",Verdict: FALSE,e0c99c534c8923c1bc35893350992fb2d2a141709ed0767588326031557b5ebe,FALSE,True,False,regex_search_ignorecase_original_notebook,Is your answer CORRECT or INCORRECT? Reply exactly CORRECT or INCORRECT.,74,?,99973,40,11.25,46,20,True,CORRECT,CORRECT,True,True,12.750043398727712,12.750043398727712
1,calibration,astronomy,1,other,CORRECT/INCORRECT,"Evaluate the following claim and provide TWO things:
1. Is this claim TRUE or FALSE?

Respond in EXACTLY this format:
Verdict: [TRUE or FALSE]

Claim: ""The Earth orbits around the Moon.""",Verdict: FALSE,e0c99c534c8923c1bc35893350992fb2d2a141709ed0767588326031557b5ebe,FALSE,True,False,regex_search_ignorecase_original_notebook,Is their answer CORRECT or INCORRECT? Reply exactly CORRECT or INCORRECT.,74,?,99973,40,13.125,12,2,True,CORRECT,CORRECT,True,True,10.625119209112881,10.625119209112881
2,calibration,geography,1,self,CORRECT/INCORRECT,"Evaluate the following claim and provide TWO things:
1. Is this claim TRUE or FALSE?

Respond in EXACTLY this format:
Verdict: [TRUE or FALSE]

Claim: ""Tokyo is the capital of Japan.""",Verdict: TRUE,45d42e561ca90f0d734ab56e3f7bbe6026a137c31956ac16b201249552241faa,TRUE,True,False,regex_search_ignorecase_original_notebook,Is your answer CORRECT or INCORRECT? Reply exactly CORRECT or INCORRECT.,75,?,99973,40,10.8125,63,27,False,CORRECT,CORRECT,True,True,6.250055580101389,6.250055580101389
2,calibration,geography,1,other,CORRECT/INCORRECT,"Evaluate the following claim and provide TWO things:
1. Is this claim TRUE or FALSE?

Respond in EXACTLY this format:
Verdict: [TRUE or FALSE]

Claim: ""Tokyo is the capital of Japan.""",Verdict: TRUE,45d42e561ca90f0d734ab56e3f7bbe6026a137c31956ac16b201249552241faa,TRUE,True,False,regex_search_ignorecase_original_notebook,Is their answer CORRECT or INCORRECT? Reply exactly CORRECT or INCORRECT.,75,?,99973,40,12.8125,17,2,True,CORRECT,CORRECT,True,True,8.37507897664409,8.37507897664409
3,calibration,biology,1,self,CORRECT/INCORRECT,"Evaluate the following claim and provide TWO things:
1. Is this claim TRUE or FALSE?

Respond in EXACTLY this format:
Verdict: [TRUE or FALSE]

Claim: ""Humans have four lungs.""",Verdict: FALSE,e0c99c534c8923c1bc35893350992fb2d2a141709ed0767588326031557b5ebe,FALSE,True,False,regex_search_ignorecase_original_notebook,Is your answer CORRECT or INCORRECT? Reply exactly CORRECT or INCORRECT.,72,?,99973,40,12.0625,37,16,True,CORRECT,CORRECT,True,True,13.187558110143073,13.187558110143073
3,calibration,biology,1,other,CORRECT/INCORRECT,"Evaluate the following claim and provide TWO things:
1. Is this claim TRUE or FALSE?

Respond in EXACTLY this format:
Verdict: [TRUE or FALSE]

Claim: ""Humans have four lungs.""",Verdict: FALSE,e0c99c534c8923c1bc35893350992fb2d2a141709ed0767588326031557b5ebe,FALSE,True,False,regex_search_ignorecase_original_notebook,Is their answer CORRECT or INCORRECT? Reply exactly CORRECT or INCORRECT.,72,?,99973,40,13.5625,10,2,True,CORRECT,CORRECT,True,True,10.12513876683397,10.12513876683397
4,calibration,chemistry,1,self,CORRECT/INCORRECT,"Evaluate the following claim and provide TWO things:
1. Is this claim TRUE or FALSE?

Respond in EXACTLY this format:
Verdict: [TRUE or FALSE]

Claim: ""The chemical symbol for gold is Au.""",Verdict: TRUE,45d42e561ca90f0d734ab56e3f7bbe6026a137c31956ac16b201249552241faa,TRUE,True,False,regex_search_ignorecase_original_notebook,Is your answer CORRECT or INCORRECT? Reply exactly CORRECT or INCORRECT.,75,?,99973,40,10.875,61,24,False,CORRECT,CORRECT,True,True,11.062635756588406,11.062635756588406
4,calibration,chemistry,1,other,CORRECT/INCORRECT,"Evaluate the following claim and provide TWO things:
1. Is this claim TRUE or FALSE?

Respond in EXACTLY this format:
Verdict: [TRUE or FALSE]

Claim: ""The chemical symbol for gold is Au.""",Verdict: TRUE,45d42e561ca90f0d734ab56e3f7bbe6026a137c31956ac16b201249552241faa,TRUE,True,False,regex_search_ignorecase_original_notebook,Is their answer CORRECT or INCORRECT? Reply exactly CORRECT or INCORRECT.,75,?,99973,40,13.375,12,2,True,CORRECT,CORRECT,True,True,11.000142574426945,11.000142574426945
5,calibration,geography,1,self,CORRECT/INCORRECT,"Evaluate the following claim and provide TWO things:
1. Is this claim TRUE or FALSE?

Respond in EXACTLY this format:
Verdict: [TRUE or FALSE]

Claim: ""The Great Wall of China is visible from the Moon with the naked eye.""",Verdict: FALSE,e0c99c534c8923c1bc35893350992fb2d2a141709ed0767588326031557b5ebe,FALSE,True,False,regex_search_ignorecase_original_notebook,Is your answer CORRECT or INCORRECT? Reply exactly CORRECT or INCORRECT.,82,?,99973,40,12.6875,21,5,True,CORRECT,CORRECT,True,True,11.000151284741833,11.000151284741833
5,calibration,geography,1,other,CORRECT/INCORRECT,"Evaluate the following claim and provide TWO things:
1. Is this claim TRUE or FALSE?

Respond in EXACTLY this format:
Verdict: [TRUE or FALSE]

Claim: ""The Great Wall of China is visible from the Moon with the naked eye.""",Verdict: FALSE,e0c99c534c8923c1bc35893350992fb2d2a141709ed0767588326031557b5ebe,FALSE,True,False,regex_search_ignorecase_original_notebook,Is their answer CORRECT or INCORRECT? Reply exactly CORRECT or INCORRECT.,82,?,99973,40,13.25,13,2,True,CORRECT,CORRECT,True,True,11.625927759947217,11.625927759947217
6,calibration,biology,1,self,CORRECT/INCORRECT,"Evaluate the following claim and provide TWO things:
1. Is this claim TRUE or FALSE?

Respond in EXACTLY this format:
Verdict: [TRUE or FALSE]

Claim: ""DNA stands for deoxyribonucleic acid.""",Verdict: TRUE,45d42e561ca90f0d734ab56e3f7bbe6026a137c31956ac16b201249552241faa,TRUE,True,False,regex_search_ignorecase_original_notebook,Is your answer CORRECT or INCORRECT? Reply exactly CORRECT or INCORRECT.,78,?,99973,40,11.3125,49,22,True,CORRECT,CORRECT,True,True,10.87511358231609,10.87511358231609
6,calibration,biology,1,other,CORRECT/INCORRECT,"Evaluate the following claim and provide TWO things:
1. Is this claim TRUE or FALSE?

Respond in EXACTLY this format:
Verdict: [TRUE or FALSE]

Claim: ""DNA stands for deoxyribonucleic acid.""",Verdict: TRUE,45d42e561ca90f0d734ab56e3f7bbe6026a137c31956ac16b201249552241faa,TRUE,True,False,regex_search_ignorecase_original_notebook,Is their answer CORRECT or INCORRECT? Reply exactly CORRECT or INCORRECT.,78,?,99973,40,13.0625,13,2,True,CORRECT,CORRECT,True,True,11.375093102932738,11.375093102932738
7,calibration,physics,1,self,CORRECT/INCORRECT,"Evaluate the following claim and provide TWO things:
1. Is this claim TRUE or FALSE?

Respond in EXACTLY this format:
Verdict: [TRUE or FALSE]

Claim: ""Sound travels faster than light.""",Verdict: FALSE,e0c99c534c8923c1bc35893350992fb2d2a141709ed0767588326031557b5ebe,FALSE,True,False,regex_search_ignorecase_original_notebook,Is your answer CORRECT or INCORRECT? Reply exactly CORRECT or INCORRECT.,73,?,99973,40,11.9375,30,11,True,CORRECT,CORRECT,True,True,13.250052297784805,13.250052297784805
7,calibration,physics,1,other,CORRECT/INCORRECT,"Evaluate the following claim and provide TWO things:
1. Is this claim TRUE or FALSE?

Respond in EXACTLY this format:
Verdict: [TRUE or FALSE]

Claim: ""Sound travels faster than light.""",Verdict: FALSE,e0c99c534c8923c1bc35893350992fb2d2a141709ed0767588326031557b5ebe,FALSE,True,False,regex_search_ignorecase_original_notebook,Is their answer CORRECT or INCORRECT? Reply exactly CORRECT or INCORRECT.,73,?,99973,40,13.375,10,2,True,CORRECT,CORRECT,True,True,9.3750919246163,9.3750919246163
8,calibration,literature,1,self,CORRECT/INCORRECT,"Evaluate the following claim and provide TWO things:
1. Is this claim TRUE or FALSE?

Respond in EXACTLY this format:
Verdict: [TRUE or FALSE]

Claim: ""Shakespeare wrote Romeo and Juliet.""",Verdict: TRUE,45d42e561ca90f0d734ab56e3f7bbe6026a137c31956ac16b201249552241faa,TRUE,True,False,regex_search_ignorecase_original_notebook,Is your answer CORRECT or INCORRECT? Reply exactly CORRECT or INCORRECT.,74,?,99973,40,10.9375,58,23,False,CORRECT,CORRECT,True,True,9.375068082583311,9.375068082583311
8,calibration,literature,1,other,CORRECT/INCORRECT,"Evaluate the following claim and provide TWO things:
1. Is this claim TRUE or FALSE?

Respond in EXACTLY this format:
Verdict: [TRUE or FALSE]

Claim: ""Shakespeare wrote Romeo and Juliet.""",Verdict: TRUE,45d42e561ca90f0d734ab56e3f7bbe6026a137c31956ac16b201249552241faa,TRUE,True,False,regex_search_ignorecase_original_notebook,Is their answer CORRECT or INCORRECT? Reply exactly CORRECT or INCORRECT.,74,?,99973,40,13.0,15,2,True,CORRECT,CORRECT,True,True,8.000127446807255,8.000127446807255
9,calibration,geography,1,self,CORRECT/INCORRECT,"Evaluate the following claim and provide TWO things:
1. Is this claim TRUE or FALSE?

Respond in EXACTLY this format:
Verdict: [TRUE or FALSE]

Claim: ""The Amazon River is the longest river in the world.""",Verdict: FALSE,e0c99c534c8923c1bc35893350992fb2d2a141709ed0767588326031557b5ebe,FALSE,True,False,regex_search_ignorecase_original_notebook,Is your answer CORRECT or INCORRECT? Reply exactly CORRECT or INCORRECT.,78,?,99973,40,11.9375,29,12,True,CORRECT,CORRECT,True,True,8.500059899193502,8.500059899193502
9,calibration,geography,1,other,CORRECT/INCORRECT,"Evaluate the following claim and provide TWO things:
1. Is this claim TRUE or FALSE?

Respond in EXACTLY this format:
Verdict: [TRUE or FALSE]

Claim: ""The Amazon River is the longest river in the world.""",Verdict: FALSE,e0c99c534c8923c1bc35893350992fb2d2a141709ed0767588326031557b5ebe,FALSE,True,False,regex_search_ignorecase_original_notebook,Is their answer CORRECT or INCORRECT? Reply exactly CORRECT or INCORRECT.,78,?,99973,40,13.0625,11,2,True,CORRECT,CORRECT,True,True,8.12516602333585,8.12516602333585
10,calibration,biology,2,self,CORRECT/INCORRECT,"Evaluate the following claim and provide TWO things:
1. Is this claim TRUE or FALSE?

Respond in EXACTLY this format:
Verdict: [TRUE or FALSE]

Claim: ""The human body has 206 bones in adulthood.""",Verdict: TRUE,45d42e561ca90f0d734ab56e3f7bbe6026a137c31956ac16b201249552241faa,TRUE,True,False,regex_search_ignorecase_original_notebook,Is your answer CORRECT or INCORRECT? Reply exactly CORRECT or INCORRECT.,79,?,99973,40,11.5,41,14,True,CORRECT,CORRECT,True,True,3.1250117979445804,3.1250117979445804
10,calibration,biology,2,other,CORRECT/INCORRECT,"Evaluate the following claim and provide TWO things:
1. Is this claim TRUE or FALSE?

Respond in EXACTLY this format:
Verdict: [TRUE or FALSE]

Claim: ""The human body has 206 bones in adulthood.""",Verdict: TRUE,45d42e561ca90f0d734ab56e3f7bbe6026a137c31956ac16b201249552241faa,TRUE,True,False,regex_search_ignorecase_original_notebook,Is their answer CORRECT or INCORRECT? Reply exactly CORRECT or INCORRECT.,79,?,99973,40,13.0,17,3,True,CORRECT,CORRECT,True,True,3.8750270397661097,3.8750270397661097
11,calibration,physics,2,self,CORRECT/INCORRECT,"Evaluate the following claim and provide TWO things:
1. Is this claim TRUE or FALSE?

Respond in EXACTLY this format:
Verdict: [TRUE or FALSE]

Claim: ""Lightning never strikes the same place twice.""",Verdict: FALSE,e0c99c534c8923c1bc35893350992fb2d2a141709ed0767588326031557b5ebe,FALSE,True,False,regex_search_ignorecase_original_notebook,Is your answer CORRECT or INCORRECT? Reply exactly CORRECT or INCORRECT.,76,?,99973,40,12.5,24,6,True,CORRECT,CORRECT,True,True,11.500036306263723,11.500036306263723
11,calibration,physics,2,other,CORRECT/INCORRECT,"Evaluate the following claim and provide TWO things:
1. Is this claim TRUE or FALSE?

Respond in EXACTLY this format:
Verdict: [TRUE or FALSE]

Claim: ""Lightning never strikes the same place twice.""",Verdict: FALSE,e0c99c534c8923c1bc35893350992fb2d2a141709ed0767588326031557b5ebe,FALSE,True,False,regex_search_ignorecase_original_notebook,Is their answer CORRECT or INCORRECT? Reply exactly CORRECT or INCORRECT.,76,?,99973,40,13.8125,10,2,True,CORRECT,CORRECT,True,True,11.000117422717267,11.000117422717267
12,calibration,astronomy,2,self,CORRECT/INCORRECT,"Evaluate the following claim and provide TWO things:
1. Is this claim TRUE or FALSE?

Respond in EXACTLY this format:
Verdict: [TRUE or FALSE]

Claim: ""Venus is the hottest planet in our solar system.""",Verdict: TRUE,45d42e561ca90f0d734ab56e3f7bbe6026a137c31956ac16b201249552241faa,TRUE,True,False,regex_search_ignorecase_original_notebook,Is your answer CORRECT or INCORRECT? Reply exactly CORRECT or INCORRECT.,78,?,99973,40,11.1875,41,14,True,CORRECT,CORRECT,True,True,10.750097765785313,10.750097765785313
12,calibration,astronomy,2,other,CORRECT/INCORRECT,"Evaluate the following claim and provide TWO things:
1. Is this claim TRUE or FALSE?

Respond in EXACTLY this format:
Verdict: [TRUE or FALSE]

Claim: ""Venus is the hottest planet in our solar system.""",Verdict: TRUE,45d42e561ca90f0d734ab56e3f7bbe6026a137c31956ac16b201249552241faa,TRUE,True,False,regex_search_ignorecase_original_notebook,Is their answer CORRECT or INCORRECT? Reply exactly CORRECT or INCORRECT.,78,?,99973,40,13.25,13,3,True,CORRECT,CORRECT,True,True,11.500146505231669,11.500146505231669
13,calibration,physics,2,self,CORRECT/INCORRECT,"Evaluate the following claim and provide TWO things:
1. Is this claim TRUE or FALSE?

Respond in EXACTLY this format:
Verdict: [TRUE or FALSE]

Claim: ""The speed of light is approximately 300,000 metres per second.""",Verdict: FALSE,e0c99c534c8923c1bc35893350992fb2d2a141709ed0767588326031557b5ebe,FALSE,True,False,regex_search_ignorecase_original_notebook,Is your answer CORRECT or INCORRECT? Reply exactly CORRECT or INCORRECT.,85,?,99973,40,11.375,26,6,True,CORRECT,CORRECT,True,True,1.0000083446275312,1.0000083446275312
13,calibration,physics,2,other,CORRECT/INCORRECT,"Evaluate the following claim and provide TWO things:
1. Is this claim TRUE or FALSE?

Respond in EXACTLY this format:
Verdict: [TRUE or FALSE]

Claim: ""The speed of light is approximately 300,000 metres per second.""",Verdict: FALSE,e0c99c534c8923c1bc35893350992fb2d2a141709ed0767588326031557b5ebe,FALSE,True,False,regex_search_ignorecase_original_notebook,Is their answer CORRECT or INCORRECT? Reply exactly CORRECT or INCORRECT.,85,?,99973,40,13.5625,10,3,True,CORRECT,CORRECT,True,True,3.0000328454207192,3.0000328454207192
14,calibration,medicine,2,self,CORRECT/INCORRECT,"Evaluate the following claim and provide TWO things:
1. Is this claim TRUE or FALSE?

Respond in EXACTLY this format:
Verdict: [TRUE or FALSE]

Claim: ""Antibiotics are effective against viruses.""",Verdict: FALSE,e0c99c534c8923c1bc35893350992fb2d2a141709ed0767588326031557b5ebe,FALSE,True,False,regex_search_ignorecase_original_notebook,Is your answer CORRECT or INCORRECT? Reply exactly CORRECT or INCORRECT.,75,?,99973,40,12.4375,27,9,True,CORRECT,CORRECT,True,True,11.125062960999458,11.125062960999458
14,calibration,medicine,2,other,CORRECT/INCORRECT,"Evaluate the following claim and provide TWO things:
1. Is this claim TRUE or FALSE?

Respond in EXACTLY this format:
Verdict: [TRUE or FALSE]

Claim: ""Antibiotics are effective against viruses.""",Verdict: FALSE,e0c99c534c8923c1bc35893350992fb2d2a141709ed0767588326031557b5ebe,FALSE,True,False,regex_search_ignorecase_original_notebook,Is their answer CORRECT or INCORRECT? Reply exactly CORRECT or INCORRECT.,75,?,99973,40,13.6875,11,2,True,CORRECT,CORRECT,True,True,10.000119691237842,10.000119691237842
15,calibration,biology,2,self,CORRECT/INCORRECT,"Evaluate the following claim and provide TWO things:
1. Is this claim TRUE or FALSE?

Respond in EXACTLY this format:
Verdict: [TRUE or FALSE]

Claim: ""Octopuses have three hearts.""",Verdict: TRUE,45d42e561ca90f0d734ab56e3f7bbe6026a137c31956ac16b201249552241faa,TRUE,True,False,regex_search_ignorecase_original_notebook,Is your answer CORRECT or INCORRECT? Reply exactly CORRECT or INCORRECT.,74,?,99973,40,11.875,29,6,True,CORRECT,CORRECT,True,True,11.750051987191682,11.750051987191682
15,calibration,biology,2,other,CORRECT/INCORRECT,"Evaluate the following claim and provide TWO things:
1. Is this claim TRUE or FALSE?

Respond in EXACTLY this format:
Verdict: [TRUE or FALSE]

Claim: ""Octopuses have three hearts.""",Verdict: TRUE,45d42e561ca90f0d734ab56e3f7bbe6026a137c31956ac16b201249552241faa,TRUE,True,False,regex_search_ignorecase_original_notebook,Is their answer CORRECT or INCORRECT? Reply exactly CORRECT or INCORRECT.,74,?,99973,40,13.625,12,3,True,CORRECT,CORRECT,True,True,11.875102280218925,11.875102280218925
16,calibration,geography,2,self,CORRECT/INCORRECT,"Evaluate the following claim and provide TWO things:
1. Is this claim TRUE or FALSE?

Respond in EXACTLY this format:
Verdict: [TRUE or FALSE]

Claim: ""Mount Everest is located in the Andes mountain range.""",Verdict: FALSE,e0c99c534c8923c1bc35893350992fb2d2a141709ed0767588326031557b5ebe,FALSE,True,False,regex_search_ignorecase_original_notebook,Is your answer CORRECT or INCORRECT? Reply exactly CORRECT or INCORRECT.,78,?,99973,40,11.9375,35,16,True,CORRECT,CORRECT,True,True,13.812550082304824,13.812550082304824
16,calibration,geography,2,other,CORRECT/INCORRECT,"Evaluate the following claim and provide TWO things:
1. Is this claim TRUE or FALSE?

Respond in EXACTLY this format:
Verdict: [TRUE or FALSE]

Claim: ""Mount Everest is located in the Andes mountain range.""",Verdict: FALSE,e0c99c534c8923c1bc35893350992fb2d2a141709ed0767588326031557b5ebe,FALSE,True,False,regex_search_ignorecase_original_notebook,Is their answer CORRECT or INCORRECT? Reply exactly CORRECT or INCORRECT.,78,?,99973,40,13.1875,11,2,True,CORRECT,CORRECT,True,True,9.875105389295413,9.875105389295413
17,calibration,biology,2,self,CORRECT/INCORRECT,"Evaluate the following claim and provide TWO things:
1. Is this claim TRUE or FALSE?

Respond in EXACTLY this format:
Verdict: [TRUE or FALSE]

Claim: ""Photosynthesis converts carbon dioxide and water into glucose and oxygen.""",Verdict: TRUE,45d42e561ca90f0d734ab56e3f7bbe6026a137c31956ac16b201249552241faa,TRUE,True,False,regex_search_ignorecase_original_notebook,Is your answer CORRECT or INCORRECT? Reply exactly CORRECT or INCORRECT.,79,?,99973,40,11.1875,52,23,False,CORRECT,CORRECT,True,True,11.875080409601424,11.875080409601424
17,calibration,biology,2,other,CORRECT/INCORRECT,"Evaluate the following claim and provide TWO things:
1. Is this claim TRUE or FALSE?

Respond in EXACTLY this format:
Verdict: [TRUE or FALSE]

Claim: ""Photosynthesis converts carbon dioxide and water into glucose and oxygen.""",Verdict: TRUE,45d42e561ca90f0d734ab56e3f7bbe6026a137c31956ac16b201249552241faa,TRUE,True,False,regex_search_ignorecase_original_notebook,Is their answer CORRECT or INCORRECT? Reply exactly CORRECT or INCORRECT.,79,?,99973,40,13.1875,13,3,True,CORRECT,CORRECT,True,True,11.875104786730162,11.875104786730162
18,calibration,geography,2,self,CORRECT/INCORRECT,"Evaluate the following claim and provide TWO things:
1. Is this claim TRUE or FALSE?

Respond in EXACTLY this format:
Verdict: [TRUE or FALSE]

Claim: ""The Sahara is the largest desert in the world.""",Verdict: FALSE,e0c99c534c8923c1bc35893350992fb2d2a141709ed0767588326031557b5ebe,FALSE,True,False,regex_search_ignorecase_original_notebook,Is your answer CORRECT or INCORRECT? Reply exactly CORRECT or INCORRECT.,77,?,99973,40,11.125,29,8,True,CORRECT,CORRECT,True,True,0.37500393392656406,0.37500393392656406
18,calibration,geography,2,other,CORRECT/INCORRECT,"Evaluate the following claim and provide TWO things:
1. Is this claim TRUE or FALSE?

Respond in EXACTLY this format:
Verdict: [TRUE or FALSE]

Claim: ""The Sahara is the largest desert in the world.""",Verdict: FALSE,e0c99c534c8923c1bc35893350992fb2d2a141709ed0767588326031557b5ebe,FALSE,True,False,regex_search_ignorecase_original_notebook,Is their answer CORRECT or INCORRECT? Reply exactly CORRECT or INCORRECT.,77,?,99973,40,12.8125,13,3,True,CORRECT,CORRECT,True,True,1.8750659353881929,1.8750659353881929
19,calibration,biology,2,self,CORRECT/INCORRECT,"Evaluate the following claim and provide TWO things:
1. Is this claim TRUE or FALSE?

Respond in EXACTLY this format:
Verdict: [TRUE or FALSE]

Claim: ""Mammals are warm-blooded animals.""",Verdict: TRUE,45d42e561ca90f0d734ab56e3f7bbe6026a137c31956ac16b201249552241faa,TRUE,True,False,regex_search_ignorecase_original_notebook,Is your answer CORRECT or INCORRECT? Reply exactly CORRECT or INCORRECT.,76,?,99973,40,10.8125,52,20,False,CORRECT,CORRECT,True,True,6.625049545922025,6.625049545922025
19,calibration,biology,2,other,CORRECT/INCORRECT,"Evaluate the following claim and provide TWO things:
1. Is this claim TRUE or FALSE?

Respond in EXACTLY this format:
Verdict: [TRUE or FALSE]

Claim: ""Mammals are warm-blooded animals.""",Verdict: TRUE,45d42e561ca90f0d734ab56e3f7bbe6026a137c31956ac16b201249552241faa,TRUE,True,False,regex_search_ignorecase_original_notebook,Is their answer CORRECT or INCORRECT? Reply exactly CORRECT or INCORRECT.,76,?,99973,40,13.0,12,2,True,CORRECT,CORRECT,True,True,6.125126804161027,6.125126804161027
20,calibration,biology,3,self,CORRECT/INCORRECT,"Evaluate the following claim and provide TWO things:
1. Is this claim TRUE or FALSE?

Respond in EXACTLY this format:
Verdict: [TRUE or FALSE]

Claim: ""The mitochondria are sometimes called the powerhouse of the cell.""",Verdict: TRUE,45d42e561ca90f0d734ab56e3f7bbe6026a137c31956ac16b201249552241faa,TRUE,True,False,regex_search_ignorecase_original_notebook,Is your answer CORRECT or INCORRECT? Reply exactly CORRECT or INCORRECT.,79,?,99973,40,11.1875,53,19,False,CORRECT,CORRECT,True,True,9.62511406820613,9.62511406820613
20,calibration,biology,3,other,CORRECT/INCORRECT,"Evaluate the following claim and provide TWO things:
1. Is this claim TRUE or FALSE?

Respond in EXACTLY this format:
Verdict: [TRUE or FALSE]

Claim: ""The mitochondria are sometimes called the powerhouse of the cell.""",Verdict: TRUE,45d42e561ca90f0d734ab56e3f7bbe6026a137c31956ac16b201249552241faa,TRUE,True,False,regex_search_ignorecase_original_notebook,Is their answer CORRECT or INCORRECT? Reply exactly CORRECT or INCORRECT.,79,?,99973,40,13.3125,11,2,True,CORRECT,CORRECT,True,True,9.37514556072449,9.37514556072449
21,calibration,chemistry,3,self,CORRECT/INCORRECT,"Evaluate the following claim and provide TWO things:
1. Is this claim TRUE or FALSE?

Respond in EXACTLY this format:
Verdict: [TRUE or FALSE]

Claim: ""The pH of pure water is 0, indicating perfect neutrality.""",Verdict: FALSE,e0c99c534c8923c1bc35893350992fb2d2a141709ed0767588326031557b5ebe,FALSE,True,False,regex_search_ignorecase_original_notebook,Is your answer CORRECT or INCORRECT? Reply exactly CORRECT or INCORRECT.,80,?,99973,40,12.5625,19,5,True,CORRECT,CORRECT,True,True,13.312573332178545,13.312573332178545
21,calibration,chemistry,3,other,CORRECT/INCORRECT,"Evaluate the following claim and provide TWO things:
1. Is this claim TRUE or FALSE?

Respond in EXACTLY this format:
Verdict: [TRUE or FALSE]

Claim: ""The pH of pure water is 0, indicating perfect neutrality.""",Verdict: FALSE,e0c99c534c8923c1bc35893350992fb2d2a141709ed0767588326031557b5ebe,FALSE,True,False,regex_search_ignorecase_original_notebook,Is their answer CORRECT or INCORRECT? Reply exactly CORRECT or INCORRECT.,80,?,99973,40,13.3125,11,3,True,CORRECT,CORRECT,True,True,9.375146768888044,9.375146768888044
22,calibration,history,3,self,CORRECT/INCORRECT,"Evaluate the following claim and provide TWO things:
1. Is this claim TRUE or FALSE?

Respond in EXACTLY this format:
Verdict: [TRUE or FALSE]

Claim: ""The Treaty of Westphalia was signed in 1648.""",Verdict: TRUE,45d42e561ca90f0d734ab56e3f7bbe6026a137c31956ac16b201249552241faa,TRUE,True,False,regex_search_ignorecase_original_notebook,Is your answer CORRECT or INCORRECT? Reply exactly CORRECT or INCORRECT.,82,?,99973,40,11.625,38,14,True,CORRECT,CORRECT,True,True,11.500395510644353,11.500395510644353
22,calibration,history,3,other,CORRECT/INCORRECT,"Evaluate the following claim and provide TWO things:
1. Is this claim TRUE or FALSE?

Respond in EXACTLY this format:
Verdict: [TRUE or FALSE]

Claim: ""The Treaty of Westphalia was signed in 1648.""",Verdict: TRUE,45d42e561ca90f0d734ab56e3f7bbe6026a137c31956ac16b201249552241faa,TRUE,True,False,regex_search_ignorecase_original_notebook,Is their answer CORRECT or INCORRECT? Reply exactly CORRECT or INCORRECT.,82,?,99973,40,13.375,11,2,True,CORRECT,CORRECT,True,True,11.250306585915496,11.250306585915496
23,calibration,neuroscience,3,self,CORRECT/INCORRECT,"Evaluate the following claim and provide TWO things:
1. Is this claim TRUE or FALSE?

Respond in EXACTLY this format:
Verdict: [TRUE or FALSE]

Claim: ""Serotonin is primarily produced in the brain.""",Verdict: FALSE,e0c99c534c8923c1bc35893350992fb2d2a141709ed0767588326031557b5ebe,FALSE,True,False,regex_search_ignorecase_original_notebook,Is your answer CORRECT or INCORRECT? Reply exactly CORRECT or INCORRECT.,76,?,99973,40,11.0,37,12,True,CORRECT,CORRECT,True,True,4.000027771812938,4.000027771812938
23,calibration,neuroscience,3,other,CORRECT/INCORRECT,"Evaluate the following claim and provide TWO things:
1. Is this claim TRUE or FALSE?

Respond in EXACTLY this format:
Verdict: [TRUE or FALSE]

Claim: ""Serotonin is primarily produced in the brain.""",Verdict: FALSE,e0c99c534c8923c1bc35893350992fb2d2a141709ed0767588326031557b5ebe,FALSE,True,False,regex_search_ignorecase_original_notebook,Is their answer CORRECT or INCORRECT? Reply exactly CORRECT or INCORRECT.,76,?,99973,40,12.8125,13,3,True,CORRECT,CORRECT,True,True,4.6250910111116355,4.6250910111116355
24,calibration,physics,3,self,CORRECT/INCORRECT,"Evaluate the following claim and provide TWO things:
1. Is this claim TRUE or FALSE?

Respond in EXACTLY this format:
Verdict: [TRUE or FALSE]

Claim: ""The Doppler effect applies to both sound and light waves.""",Verdict: TRUE,45d42e561ca90f0d734ab56e3f7bbe6026a137c31956ac16b201249552241faa,TRUE,True,False,regex_search_ignorecase_original_notebook,Is your answer CORRECT or INCORRECT? Reply exactly CORRECT or INCORRECT.,79,?,99973,40,11.625,41,16,True,CORRECT,CORRECT,True,True,10.875066593973088,10.875066593973088
24,calibration,physics,3,other,CORRECT/INCORRECT,"Evaluate the following claim and provide TWO things:
1. Is this claim TRUE or FALSE?

Respond in EXACTLY this format:
Verdict: [TRUE or FALSE]

Claim: ""The Doppler effect applies to both sound and light waves.""",Verdict: TRUE,45d42e561ca90f0d734ab56e3f7bbe6026a137c31956ac16b201249552241faa,TRUE,True,False,regex_search_ignorecase_original_notebook,Is their answer CORRECT or INCORRECT? Reply exactly CORRECT or INCORRECT.,79,?,99973,40,13.5,11,2,True,CORRECT,CORRECT,True,True,10.50009048630477,10.50009048630477
25,calibration,neuroscience,3,self,CORRECT/INCORRECT,"Evaluate the following claim and provide TWO things:
1. Is this claim TRUE or FALSE?

Respond in EXACTLY this format:
Verdict: [TRUE or FALSE]

Claim: ""The hippocampus is primarily involved in processing visual information.""",Verdict: FALSE,e0c99c534c8923c1bc35893350992fb2d2a141709ed0767588326031557b5ebe,FALSE,True,False,regex_search_ignorecase_original_notebook,Is your answer CORRECT or INCORRECT? Reply exactly CORRECT or INCORRECT.,78,?,99973,40,12.0625,29,11,True,CORRECT,CORRECT,True,True,12.500050471351187,12.500050471351187
25,calibration,neuroscience,3,other,CORRECT/INCORRECT,"Evaluate the following claim and provide TWO things:
1. Is this claim TRUE or FALSE?

Respond in EXACTLY this format:
Verdict: [TRUE or FALSE]

Claim: ""The hippocampus is primarily involved in processing visual information.""",Verdict: FALSE,e0c99c534c8923c1bc35893350992fb2d2a141709ed0767588326031557b5ebe,FALSE,True,False,regex_search_ignorecase_original_notebook,Is their answer CORRECT or INCORRECT? Reply exactly CORRECT or INCORRECT.,78,?,99973,40,13.625,10,2,True,CORRECT,CORRECT,True,True,11.250079525506862,11.250079525506862
26,calibration,chemistry,3,self,CORRECT/INCORRECT,"Evaluate the following claim and provide TWO things:
1. Is this claim TRUE or FALSE?

Respond in EXACTLY this format:
Verdict: [TRUE or FALSE]

Claim: ""Helium is the second most abundant element in the observable universe.""",Verdict: TRUE,45d42e561ca90f0d734ab56e3f7bbe6026a137c31956ac16b201249552241faa,TRUE,True,False,regex_search_ignorecase_original_notebook,Is your answer CORRECT or INCORRECT? Reply exactly CORRECT or INCORRECT.,80,?,99973,40,11.8125,27,9,True,CORRECT,CORRECT,True,True,12.625810712148905,12.625810712148905
26,calibration,chemistry,3,other,CORRECT/INCORRECT,"Evaluate the following claim and provide TWO things:
1. Is this claim TRUE or FALSE?

Respond in EXACTLY this format:
Verdict: [TRUE or FALSE]

Claim: ""Helium is the second most abundant element in the observable universe.""",Verdict: TRUE,45d42e561ca90f0d734ab56e3f7bbe6026a137c31956ac16b201249552241faa,TRUE,True,False,regex_search_ignorecase_original_notebook,Is their answer CORRECT or INCORRECT? Reply exactly CORRECT or INCORRECT.,80,?,99973,40,13.25,15,3,True,CORRECT,CORRECT,True,True,12.875112294022529,12.875112294022529
27,calibration,history,3,self,CORRECT/INCORRECT,"Evaluate the following claim and provide TWO things:
1. Is this claim TRUE or FALSE?

Respond in EXACTLY this format:
Verdict: [TRUE or FALSE]

Claim: ""The Rosetta Stone was written in two languages: Greek and Egyptian hieroglyphics.""",Verdict: FALSE,e0c99c534c8923c1bc35893350992fb2d2a141709ed0767588326031557b5ebe,FALSE,True,False,regex_search_ignorecase_original_notebook,Is your answer CORRECT or INCORRECT? Reply exactly CORRECT or INCORRECT.,85,?,99973,40,10.9375,36,11,True,CORRECT,CORRECT,True,True,8.000040905760443,8.000040905760443
27,calibration,history,3,other,CORRECT/INCORRECT,"Evaluate the following claim and provide TWO things:
1. Is this claim TRUE or FALSE?

Respond in EXACTLY this format:
Verdict: [TRUE or FALSE]

Claim: ""The Rosetta Stone was written in two languages: Greek and Egyptian hieroglyphics.""",Verdict: FALSE,e0c99c534c8923c1bc35893350992fb2d2a141709ed0767588326031557b5ebe,FALSE,True,False,regex_search_ignorecase_original_notebook,Is their answer CORRECT or INCORRECT? Reply exactly CORRECT or INCORRECT.,85,?,99973,40,12.8125,13,3,True,CORRECT,CORRECT,True,True,7.375065547184931,7.375065547184931
28,calibration,mathematics,3,self,CORRECT/INCORRECT,"Evaluate the following claim and provide TWO things:
1. Is this claim TRUE or FALSE?

Respond in EXACTLY this format:
Verdict: [TRUE or FALSE]

Claim: ""Bayes' theorem was first published by Thomas Bayes himself during his lifetime.""",Verdict: FALSE,e0c99c534c8923c1bc35893350992fb2d2a141709ed0767588326031557b5ebe,FALSE,True,False,regex_search_ignorecase_original_notebook,Is your answer CORRECT or INCORRECT? Reply exactly CORRECT or INCORRECT.,83,?,99973,40,12.5625,18,5,True,CORRECT,CORRECT,True,True,10.62506259539714,10.62506259539714
28,calibration,mathematics,3,other,CORRECT/INCORRECT,"Evaluate the following claim and provide TWO things:
1. Is this claim TRUE or FALSE?

Respond in EXACTLY this format:
Verdict: [TRUE or FALSE]

Claim: ""Bayes' theorem was first published by Thomas Bayes himself during his lifetime.""",Verdict: FALSE,e0c99c534c8923c1bc35893350992fb2d2a141709ed0767588326031557b5ebe,FALSE,True,False,regex_search_ignorecase_original_notebook,Is their answer CORRECT or INCORRECT? Reply exactly CORRECT or INCORRECT.,83,?,99973,40,13.1875,11,3,True,CORRECT,CORRECT,True,True,10.75247999801013,10.75247999801013
29,calibration,physics,3,self,CORRECT/INCORRECT,"Evaluate the following claim and provide TWO things:
1. Is this claim TRUE or FALSE?

Respond in EXACTLY this format:
Verdict: [TRUE or FALSE]

Claim: ""The speed of sound in air at sea level is approximately 343 metres per second.""",Verdict: TRUE,45d42e561ca90f0d734ab56e3f7bbe6026a137c31956ac16b201249552241faa,TRUE,True,False,regex_search_ignorecase_original_notebook,Is your answer CORRECT or INCORRECT? Reply exactly CORRECT or INCORRECT.,86,?,99973,40,11.5625,36,13,True,CORRECT,CORRECT,True,True,11.875198876726245,11.875198876726245
29,calibration,physics,3,other,CORRECT/INCORRECT,"Evaluate the following claim and provide TWO things:
1. Is this claim TRUE or FALSE?

Respond in EXACTLY this format:
Verdict: [TRUE or FALSE]

Claim: ""The speed of sound in air at sea level is approximately 343 metres per second.""",Verdict: TRUE,45d42e561ca90f0d734ab56e3f7bbe6026a137c31956ac16b201249552241faa,TRUE,True,False,regex_search_ignorecase_original_notebook,Is their answer CORRECT or INCORRECT? Reply exactly CORRECT or INCORRECT.,86,?,99973,40,13.625,11,3,True,CORRECT,CORRECT,True,True,12.125152107998474,12.125152107998474
30,calibration,psychophysics,4,self,CORRECT/INCORRECT,"Evaluate the following claim and provide TWO things:
1. Is this claim TRUE or FALSE?

Respond in EXACTLY this format:
Verdict: [TRUE or FALSE]

Claim: ""Weber's Law states that the just-noticeable difference is proportional to the stimulus magnitude.""",Verdict: TRUE,45d42e561ca90f0d734ab56e3f7bbe6026a137c31956ac16b201249552241faa,TRUE,True,False,regex_search_ignorecase_original_notebook,Is your answer CORRECT or INCORRECT? Reply exactly CORRECT or INCORRECT.,86,?,99973,40,11.5,48,16,True,CORRECT,CORRECT,True,True,9.000276172672557,9.000276172672557
30,calibration,psychophysics,4,other,CORRECT/INCORRECT,"Evaluate the following claim and provide TWO things:
1. Is this claim TRUE or FALSE?

Respond in EXACTLY this format:
Verdict: [TRUE or FALSE]

Claim: ""Weber's Law states that the just-noticeable difference is proportional to the stimulus magnitude.""",Verdict: TRUE,45d42e561ca90f0d734ab56e3f7bbe6026a137c31956ac16b201249552241faa,TRUE,True,False,regex_search_ignorecase_original_notebook,Is their answer CORRECT or INCORRECT? Reply exactly CORRECT or INCORRECT.,86,?,99973,40,13.5625,11,2,True,CORRECT,CORRECT,True,True,11.375060444478663,11.375060444478663
31,calibration,psychology,4,self,CORRECT/INCORRECT,"Evaluate the following claim and provide TWO things:
1. Is this claim TRUE or FALSE?

Respond in EXACTLY this format:
Verdict: [TRUE or FALSE]

Claim: ""The Flynn effect refers to the decline in IQ scores over generations.""",Verdict: FALSE,e0c99c534c8923c1bc35893350992fb2d2a141709ed0767588326031557b5ebe,FALSE,True,False,regex_search_ignorecase_original_notebook,Is your answer CORRECT or INCORRECT? Reply exactly CORRECT or INCORRECT.,80,?,99973,40,11.375,45,14,True,CORRECT,CORRECT,True,True,11.00007302496897,11.00007302496897
31,calibration,psychology,4,other,CORRECT/INCORRECT,"Evaluate the following claim and provide TWO things:
1. Is this claim TRUE or FALSE?

Respond in EXACTLY this format:
Verdict: [TRUE or FALSE]

Claim: ""The Flynn effect refers to the decline in IQ scores over generations.""",Verdict: FALSE,e0c99c534c8923c1bc35893350992fb2d2a141709ed0767588326031557b5ebe,FALSE,True,False,regex_search_ignorecase_original_notebook,Is their answer CORRECT or INCORRECT? Reply exactly CORRECT or INCORRECT.,80,?,99973,40,13.4375,10,2,True,CORRECT,CORRECT,True,True,9.125129608286898,9.125129608286898
32,calibration,linguistics,4,self,CORRECT/INCORRECT,"Evaluate the following claim and provide TWO things:
1. Is this claim TRUE or FALSE?

Respond in EXACTLY this format:
Verdict: [TRUE or FALSE]

Claim: ""Chomsky's poverty of the stimulus argument supports empiricist accounts of language acquisition.""",Verdict: FALSE,e0c99c534c8923c1bc35893350992fb2d2a141709ed0767588326031557b5ebe,FALSE,True,False,regex_search_ignorecase_original_notebook,Is your answer CORRECT or INCORRECT? Reply exactly CORRECT or INCORRECT.,85,?,99973,40,12.4375,23,7,True,CORRECT,CORRECT,True,True,8.875741664131738,8.875741664131738
32,calibration,linguistics,4,other,CORRECT/INCORRECT,"Evaluate the following claim and provide TWO things:
1. Is this claim TRUE or FALSE?

Respond in EXACTLY this format:
Verdict: [TRUE or FALSE]

Claim: ""Chomsky's poverty of the stimulus argument supports empiricist accounts of language acquisition.""",Verdict: FALSE,e0c99c534c8923c1bc35893350992fb2d2a141709ed0767588326031557b5ebe,FALSE,True,False,regex_search_ignorecase_original_notebook,Is their answer CORRECT or INCORRECT? Reply exactly CORRECT or INCORRECT.,85,?,99973,40,13.8125,10,3,True,CORRECT,CORRECT,True,True,10.002451977038959,10.002451977038959
33,calibration,psychophysics,4,self,CORRECT/INCORRECT,"Evaluate the following claim and provide TWO things:
1. Is this claim TRUE or FALSE?

Respond in EXACTLY this format:
Verdict: [TRUE or FALSE]

Claim: ""In signal detection theory, d-prime measures response bias.""",Verdict: FALSE,e0c99c534c8923c1bc35893350992fb2d2a141709ed0767588326031557b5ebe,FALSE,True,False,regex_search_ignorecase_original_notebook,Is your answer CORRECT or INCORRECT? Reply exactly CORRECT or INCORRECT.,79,?,99973,40,12.875,14,5,True,CORRECT,CORRECT,True,True,11.000601286282063,11.000601286282063
33,calibration,psychophysics,4,other,CORRECT/INCORRECT,"Evaluate the following claim and provide TWO things:
1. Is this claim TRUE or FALSE?

Respond in EXACTLY this format:
Verdict: [TRUE or FALSE]

Claim: ""In signal detection theory, d-prime measures response bias.""",Verdict: FALSE,e0c99c534c8923c1bc35893350992fb2d2a141709ed0767588326031557b5ebe,FALSE,True,False,regex_search_ignorecase_original_notebook,Is their answer CORRECT or INCORRECT? Reply exactly CORRECT or INCORRECT.,79,?,99973,40,13.875,8,3,True,CORRECT,CORRECT,True,True,10.500348079610376,10.500348079610376
34,calibration,statistics,4,self,CORRECT/INCORRECT,"Evaluate the following claim and provide TWO things:
1. Is this claim TRUE or FALSE?

Respond in EXACTLY this format:
Verdict: [TRUE or FALSE]

Claim: ""The Dirichlet distribution is a conjugate prior for the multinomial distribution.""",Verdict: TRUE,45d42e561ca90f0d734ab56e3f7bbe6026a137c31956ac16b201249552241faa,TRUE,True,False,regex_search_ignorecase_original_notebook,Is your answer CORRECT or INCORRECT? Reply exactly CORRECT or INCORRECT.,83,?,99973,40,12.25,27,9,True,CORRECT,CORRECT,True,True,10.8754464602996,10.8754464602996
34,calibration,statistics,4,other,CORRECT/INCORRECT,"Evaluate the following claim and provide TWO things:
1. Is this claim TRUE or FALSE?

Respond in EXACTLY this format:
Verdict: [TRUE or FALSE]

Claim: ""The Dirichlet distribution is a conjugate prior for the multinomial distribution.""",Verdict: TRUE,45d42e561ca90f0d734ab56e3f7bbe6026a137c31956ac16b201249552241faa,TRUE,True,False,regex_search_ignorecase_original_notebook,Is their answer CORRECT or INCORRECT? Reply exactly CORRECT or INCORRECT.,83,?,99973,40,13.625,11,3,True,CORRECT,CORRECT,True,True,11.252778328297609,11.252778328297609
35,calibration,neuroscience,4,self,CORRECT/INCORRECT,"Evaluate the following claim and provide TWO things:
1. Is this claim TRUE or FALSE?

Respond in EXACTLY this format:
Verdict: [TRUE or FALSE]

Claim: ""Broca's area is primarily associated with language comprehension.""",Verdict: FALSE,e0c99c534c8923c1bc35893350992fb2d2a141709ed0767588326031557b5ebe,FALSE,True,False,regex_search_ignorecase_original_notebook,Is your answer CORRECT or INCORRECT? Reply exactly CORRECT or INCORRECT.,78,?,99973,40,12.0,27,9,True,CORRECT,CORRECT,True,True,11.37502177468923,11.37502177468923
35,calibration,neuroscience,4,other,CORRECT/INCORRECT,"Evaluate the following claim and provide TWO things:
1. Is this claim TRUE or FALSE?

Respond in EXACTLY this format:
Verdict: [TRUE or FALSE]

Claim: ""Broca's area is primarily associated with language comprehension.""",Verdict: FALSE,e0c99c534c8923c1bc35893350992fb2d2a141709ed0767588326031557b5ebe,FALSE,True,False,regex_search_ignorecase_original_notebook,Is their answer CORRECT or INCORRECT? Reply exactly CORRECT or INCORRECT.,78,?,99973,40,13.4375,11,3,True,CORRECT,CORRECT,True,True,9.750065726039793,9.750065726039793
36,calibration,statistics,4,self,CORRECT/INCORRECT,"Evaluate the following claim and provide TWO things:
1. Is this claim TRUE or FALSE?

Respond in EXACTLY this format:
Verdict: [TRUE or FALSE]

Claim: ""The central limit theorem applies regardless of the shape of the population distribution.""",Verdict: TRUE,45d42e561ca90f0d734ab56e3f7bbe6026a137c31956ac16b201249552241faa,TRUE,True,False,regex_search_ignorecase_original_notebook,Is your answer CORRECT or INCORRECT? Reply exactly CORRECT or INCORRECT.,81,?,99973,40,11.5625,31,11,True,CORRECT,CORRECT,True,True,2.2500232753372984,2.2500232753372984
36,calibration,statistics,4,other,CORRECT/INCORRECT,"Evaluate the following claim and provide TWO things:
1. Is this claim TRUE or FALSE?

Respond in EXACTLY this format:
Verdict: [TRUE or FALSE]

Claim: ""The central limit theorem applies regardless of the shape of the population distribution.""",Verdict: TRUE,45d42e561ca90f0d734ab56e3f7bbe6026a137c31956ac16b201249552241faa,TRUE,True,False,regex_search_ignorecase_original_notebook,Is their answer CORRECT or INCORRECT? Reply exactly CORRECT or INCORRECT.,81,?,99973,40,13.1875,11,2,True,CORRECT,CORRECT,True,True,1.1250297720907838,1.1250297720907838
37,calibration,psychology,4,self,CORRECT/INCORRECT,"Evaluate the following claim and provide TWO things:
1. Is this claim TRUE or FALSE?

Respond in EXACTLY this format:
Verdict: [TRUE or FALSE]

Claim: ""Kahneman and Tversky's prospect theory predicts that people are risk-seeking for gains.""",Verdict: FALSE,e0c99c534c8923c1bc35893350992fb2d2a141709ed0767588326031557b5ebe,FALSE,True,False,regex_search_ignorecase_original_notebook,Is your answer CORRECT or INCORRECT? Reply exactly CORRECT or INCORRECT.,86,?,99973,40,12.1875,17,5,True,CORRECT,CORRECT,True,True,7.5003957706810525,7.5003957706810525
37,calibration,psychology,4,other,CORRECT/INCORRECT,"Evaluate the following claim and provide TWO things:
1. Is this claim TRUE or FALSE?

Respond in EXACTLY this format:
Verdict: [TRUE or FALSE]

Claim: ""Kahneman and Tversky's prospect theory predicts that people are risk-seeking for gains.""",Verdict: FALSE,e0c99c534c8923c1bc35893350992fb2d2a141709ed0767588326031557b5ebe,FALSE,True,False,regex_search_ignorecase_original_notebook,Is their answer CORRECT or INCORRECT? Reply exactly CORRECT or INCORRECT.,86,?,99973,40,13.75,9,2,True,CORRECT,CORRECT,True,True,5.875103721413325,5.875103721413325
38,calibration,psychology,4,self,CORRECT/INCORRECT,"Evaluate the following claim and provide TWO things:
1. Is this claim TRUE or FALSE?

Respond in EXACTLY this format:
Verdict: [TRUE or FALSE]

Claim: ""The Stroop effect demonstrates the automaticity of reading.""",Verdict: TRUE,45d42e561ca90f0d734ab56e3f7bbe6026a137c31956ac16b201249552241faa,TRUE,True,False,regex_search_ignorecase_original_notebook,Is your answer CORRECT or INCORRECT? Reply exactly CORRECT or INCORRECT.,78,?,99973,40,11.9375,28,6,True,CORRECT,CORRECT,True,True,9.375244535964839,9.375244535964839
38,calibration,psychology,4,other,CORRECT/INCORRECT,"Evaluate the following claim and provide TWO things:
1. Is this claim TRUE or FALSE?

Respond in EXACTLY this format:
Verdict: [TRUE or FALSE]

Claim: ""The Stroop effect demonstrates the automaticity of reading.""",Verdict: TRUE,45d42e561ca90f0d734ab56e3f7bbe6026a137c31956ac16b201249552241faa,TRUE,True,False,regex_search_ignorecase_original_notebook,Is their answer CORRECT or INCORRECT? Reply exactly CORRECT or INCORRECT.,78,?,99973,40,13.4375,12,3,True,CORRECT,CORRECT,True,True,10.125943664113379,10.125943664113379
39,calibration,statistics,4,self,CORRECT/INCORRECT,"Evaluate the following claim and provide TWO things:
1. Is this claim TRUE or FALSE?

Respond in EXACTLY this format:
Verdict: [TRUE or FALSE]

Claim: ""In Bayesian inference, the posterior is proportional to the likelihood times the prior.""",Verdict: TRUE,45d42e561ca90f0d734ab56e3f7bbe6026a137c31956ac16b201249552241faa,TRUE,True,False,regex_search_ignorecase_original_notebook,Is your answer CORRECT or INCORRECT? Reply exactly CORRECT or INCORRECT.,82,?,99973,40,11.875,31,10,True,CORRECT,CORRECT,True,True,11.62517755561771,11.62517755561771
39,calibration,statistics,4,other,CORRECT/INCORRECT,"Evaluate the following claim and provide TWO things:
1. Is this claim TRUE or FALSE?

Respond in EXACTLY this format:
Verdict: [TRUE or FALSE]

Claim: ""In Bayesian inference, the posterior is proportional to the likelihood times the prior.""",Verdict: TRUE,45d42e561ca90f0d734ab56e3f7bbe6026a137c31956ac16b201249552241faa,TRUE,True,False,regex_search_ignorecase_original_notebook,Is their answer CORRECT or INCORRECT? Reply exactly CORRECT or INCORRECT.,82,?,99973,40,13.9375,11,3,True,CORRECT,CORRECT,True,True,11.875195262132479,11.875195262132479
40,calibration,psychophysics,5,self,CORRECT/INCORRECT,"Evaluate the following claim and provide TWO things:
1. Is this claim TRUE or FALSE?

Respond in EXACTLY this format:
Verdict: [TRUE or FALSE]

Claim: ""Stevens' power law subsumes Weber's law as a special case when the exponent equals 1.""",Verdict: FALSE,e0c99c534c8923c1bc35893350992fb2d2a141709ed0767588326031557b5ebe,FALSE,True,False,regex_search_ignorecase_original_notebook,Is your answer CORRECT or INCORRECT? Reply exactly CORRECT or INCORRECT.,89,?,99973,40,12.1875,12,4,True,INCORRECT,INCORRECT,True,False,-0.49989447437656054,-0.49989447437656054
40,calibration,psychophysics,5,other,CORRECT/INCORRECT,"Evaluate the following claim and provide TWO things:
1. Is this claim TRUE or FALSE?

Respond in EXACTLY this format:
Verdict: [TRUE or FALSE]

Claim: ""Stevens' power law subsumes Weber's law as a special case when the exponent equals 1.""",Verdict: FALSE,e0c99c534c8923c1bc35893350992fb2d2a141709ed0767588326031557b5ebe,FALSE,True,False,regex_search_ignorecase_original_notebook,Is their answer CORRECT or INCORRECT? Reply exactly CORRECT or INCORRECT.,89,?,99973,40,13.1875,7,2,True,CORRECT,CORRECT,True,True,0.8753121106697108,0.8753121106697108
41,calibration,psychology,5,self,CORRECT/INCORRECT,"Evaluate the following claim and provide TWO things:
1. Is this claim TRUE or FALSE?

Respond in EXACTLY this format:
Verdict: [TRUE or FALSE]

Claim: ""The original Dunning-Kruger (1999) study tested participants exclusively on logical reasoning.""",Verdict: FALSE,e0c99c534c8923c1bc35893350992fb2d2a141709ed0767588326031557b5ebe,FALSE,True,False,regex_search_ignorecase_original_notebook,Is your answer CORRECT or INCORRECT? Reply exactly CORRECT or INCORRECT.,88,?,99973,40,12.125,22,5,True,CORRECT,CORRECT,True,True,8.875186513567314,8.875186513567314
41,calibration,psychology,5,other,CORRECT/INCORRECT,"Evaluate the following claim and provide TWO things:
1. Is this claim TRUE or FALSE?

Respond in EXACTLY this format:
Verdict: [TRUE or FALSE]

Claim: ""The original Dunning-Kruger (1999) study tested participants exclusively on logical reasoning.""",Verdict: FALSE,e0c99c534c8923c1bc35893350992fb2d2a141709ed0767588326031557b5ebe,FALSE,True,False,regex_search_ignorecase_original_notebook,Is their answer CORRECT or INCORRECT? Reply exactly CORRECT or INCORRECT.,88,?,99973,40,13.375,12,3,True,CORRECT,CORRECT,True,True,7.875129714705508,7.875129714705508
42,calibration,neuroscience,5,self,CORRECT/INCORRECT,"Evaluate the following claim and provide TWO things:
1. Is this claim TRUE or FALSE?

Respond in EXACTLY this format:
Verdict: [TRUE or FALSE]

Claim: ""Representational similarity analysis was introduced by Kriegeskorte et al. in 2008.""",Verdict: TRUE,45d42e561ca90f0d734ab56e3f7bbe6026a137c31956ac16b201249552241faa,TRUE,True,False,regex_search_ignorecase_original_notebook,Is your answer CORRECT or INCORRECT? Reply exactly CORRECT or INCORRECT.,87,?,99973,40,12.5,23,5,True,CORRECT,CORRECT,True,True,9.625345819336872,9.625345819336872
42,calibration,neuroscience,5,other,CORRECT/INCORRECT,"Evaluate the following claim and provide TWO things:
1. Is this claim TRUE or FALSE?

Respond in EXACTLY this format:
Verdict: [TRUE or FALSE]

Claim: ""Representational similarity analysis was introduced by Kriegeskorte et al. in 2008.""",Verdict: TRUE,45d42e561ca90f0d734ab56e3f7bbe6026a137c31956ac16b201249552241faa,TRUE,True,False,regex_search_ignorecase_original_notebook,Is their answer CORRECT or INCORRECT? Reply exactly CORRECT or INCORRECT.,87,?,99973,40,14.0,10,3,True,CORRECT,CORRECT,True,True,10.000574450855652,10.000574450855652
43,calibration,neuroscience,5,self,CORRECT/INCORRECT,"Evaluate the following claim and provide TWO things:
1. Is this claim TRUE or FALSE?

Respond in EXACTLY this format:
Verdict: [TRUE or FALSE]

Claim: ""The efficient coding hypothesis predicts that neural responses should be uniformly distributed.""",Verdict: FALSE,e0c99c534c8923c1bc35893350992fb2d2a141709ed0767588326031557b5ebe,TRUE,False,False,regex_search_ignorecase_original_notebook,Is your answer CORRECT or INCORRECT? Reply exactly CORRECT or INCORRECT.,80,?,99973,40,12.4375,15,5,True,CORRECT,CORRECT,True,False,8.375151698004174,-8.375151698004174
43,calibration,neuroscience,5,other,CORRECT/INCORRECT,"Evaluate the following claim and provide TWO things:
1. Is this claim TRUE or FALSE?

Respond in EXACTLY this format:
Verdict: [TRUE or FALSE]

Claim: ""The efficient coding hypothesis predicts that neural responses should be uniformly distributed.""",Verdict: FALSE,e0c99c534c8923c1bc35893350992fb2d2a141709ed0767588326031557b5ebe,TRUE,False,False,regex_search_ignorecase_original_notebook,Is their answer CORRECT or INCORRECT? Reply exactly CORRECT or INCORRECT.,80,?,99973,40,13.5625,12,3,True,CORRECT,CORRECT,True,False,9.251144603382727,-9.251144603382727
44,calibration,statistics,5,self,CORRECT/INCORRECT,"Evaluate the following claim and provide TWO things:
1. Is this claim TRUE or FALSE?

Respond in EXACTLY this format:
Verdict: [TRUE or FALSE]

Claim: ""In hierarchical Bayesian models, overhypotheses correspond to hyperprior parameters.""",Verdict: TRUE,45d42e561ca90f0d734ab56e3f7bbe6026a137c31956ac16b201249552241faa,TRUE,True,False,regex_search_ignorecase_original_notebook,Is your answer CORRECT or INCORRECT? Reply exactly CORRECT or INCORRECT.,82,?,99973,40,12.5625,14,3,True,CORRECT,CORRECT,True,True,5.1253550861367785,5.1253550861367785
44,calibration,statistics,5,other,CORRECT/INCORRECT,"Evaluate the following claim and provide TWO things:
1. Is this claim TRUE or FALSE?

Respond in EXACTLY this format:
Verdict: [TRUE or FALSE]

Claim: ""In hierarchical Bayesian models, overhypotheses correspond to hyperprior parameters.""",Verdict: TRUE,45d42e561ca90f0d734ab56e3f7bbe6026a137c31956ac16b201249552241faa,TRUE,True,False,regex_search_ignorecase_original_notebook,Is their answer CORRECT or INCORRECT? Reply exactly CORRECT or INCORRECT.,82,?,99973,40,13.75,11,3,True,CORRECT,CORRECT,True,True,6.625692646559855,6.625692646559855
45,calibration,developmental,5,self,CORRECT/INCORRECT,"Evaluate the following claim and provide TWO things:
1. Is this claim TRUE or FALSE?

Respond in EXACTLY this format:
Verdict: [TRUE or FALSE]

Claim: ""Mutual exclusivity in word learning is stronger in bilingual children than monolingual children.""",Verdict: FALSE,e0c99c534c8923c1bc35893350992fb2d2a141709ed0767588326031557b5ebe,FALSE,True,False,regex_search_ignorecase_original_notebook,Is your answer CORRECT or INCORRECT? Reply exactly CORRECT or INCORRECT.,85,?,99973,40,12.6875,12,3,True,CORRECT,CORRECT,True,True,4.250014953194295,4.250014953194295
45,calibration,developmental,5,other,CORRECT/INCORRECT,"Evaluate the following claim and provide TWO things:
1. Is this claim TRUE or FALSE?

Respond in EXACTLY this format:
Verdict: [TRUE or FALSE]

Claim: ""Mutual exclusivity in word learning is stronger in bilingual children than monolingual children.""",Verdict: FALSE,e0c99c534c8923c1bc35893350992fb2d2a141709ed0767588326031557b5ebe,FALSE,True,False,regex_search_ignorecase_original_notebook,Is their answer CORRECT or INCORRECT? Reply exactly CORRECT or INCORRECT.,85,?,99973,40,13.6875,11,3,True,CORRECT,CORRECT,True,True,6.6257364334851445,6.6257364334851445
46,calibration,statistics,5,self,CORRECT/INCORRECT,"Evaluate the following claim and provide TWO things:
1. Is this claim TRUE or FALSE?

Respond in EXACTLY this format:
Verdict: [TRUE or FALSE]

Claim: ""The BIC penalty term grows logarithmically with sample size.""",Verdict: TRUE,45d42e561ca90f0d734ab56e3f7bbe6026a137c31956ac16b201249552241faa,TRUE,True,False,regex_search_ignorecase_original_notebook,Is your answer CORRECT or INCORRECT? Reply exactly CORRECT or INCORRECT.,80,?,99973,40,12.8125,14,5,True,CORRECT,CORRECT,True,True,10.875069811980438,10.875069811980438
46,calibration,statistics,5,other,CORRECT/INCORRECT,"Evaluate the following claim and provide TWO things:
1. Is this claim TRUE or FALSE?

Respond in EXACTLY this format:
Verdict: [TRUE or FALSE]

Claim: ""The BIC penalty term grows logarithmically with sample size.""",Verdict: TRUE,45d42e561ca90f0d734ab56e3f7bbe6026a137c31956ac16b201249552241faa,TRUE,True,False,regex_search_ignorecase_original_notebook,Is their answer CORRECT or INCORRECT? Reply exactly CORRECT or INCORRECT.,80,?,99973,40,14.0625,11,3,True,CORRECT,CORRECT,True,True,9.626398379808052,9.626398379808052
47,calibration,psychophysics,5,self,CORRECT/INCORRECT,"Evaluate the following claim and provide TWO things:
1. Is this claim TRUE or FALSE?

Respond in EXACTLY this format:
Verdict: [TRUE or FALSE]

Claim: ""Scalar expectancy theory predicts that temporal discrimination follows Weber's law.""",Verdict: TRUE,45d42e561ca90f0d734ab56e3f7bbe6026a137c31956ac16b201249552241faa,TRUE,True,False,regex_search_ignorecase_original_notebook,Is your answer CORRECT or INCORRECT? Reply exactly CORRECT or INCORRECT.,79,?,99973,40,13.0625,13,3,True,CORRECT,CORRECT,True,True,11.625159153773211,11.625159153773211
47,calibration,psychophysics,5,other,CORRECT/INCORRECT,"Evaluate the following claim and provide TWO things:
1. Is this claim TRUE or FALSE?

Respond in EXACTLY this format:
Verdict: [TRUE or FALSE]

Claim: ""Scalar expectancy theory predicts that temporal discrimination follows Weber's law.""",Verdict: TRUE,45d42e561ca90f0d734ab56e3f7bbe6026a137c31956ac16b201249552241faa,TRUE,True,False,regex_search_ignorecase_original_notebook,Is their answer CORRECT or INCORRECT? Reply exactly CORRECT or INCORRECT.,79,?,99973,40,14.0,7,1,True,CORRECT,CORRECT,True,True,11.376344626944729,11.376344626944729
48,calibration,psychophysics,5,self,CORRECT/INCORRECT,"Evaluate the following claim and provide TWO things:
1. Is this claim TRUE or FALSE?

Respond in EXACTLY this format:
Verdict: [TRUE or FALSE]

Claim: ""Meta-d' (Maniscalco & Lau, 2012) measures type-1 perceptual sensitivity rather than metacognitive sensitivity.""",Verdict: FALSE,e0c99c534c8923c1bc35893350992fb2d2a141709ed0767588326031557b5ebe,FALSE,True,False,regex_search_ignorecase_original_notebook,Is your answer CORRECT or INCORRECT? Reply exactly CORRECT or INCORRECT.,97,?,99973,40,13.25,11,3,True,CORRECT,CORRECT,True,True,6.250358841554998,6.250358841554998
48,calibration,psychophysics,5,other,CORRECT/INCORRECT,"Evaluate the following claim and provide TWO things:
1. Is this claim TRUE or FALSE?

Respond in EXACTLY this format:
Verdict: [TRUE or FALSE]

Claim: ""Meta-d' (Maniscalco & Lau, 2012) measures type-1 perceptual sensitivity rather than metacognitive sensitivity.""",Verdict: FALSE,e0c99c534c8923c1bc35893350992fb2d2a141709ed0767588326031557b5ebe,FALSE,True,False,regex_search_ignorecase_original_notebook,Is their answer CORRECT or INCORRECT? Reply exactly CORRECT or INCORRECT.,97,?,99973,40,14.375,4,1,True,CORRECT,CORRECT,True,True,7.7503408797733755,7.7503408797733755
49,calibration,neuroscience,5,self,CORRECT/INCORRECT,"Evaluate the following claim and provide TWO things:
1. Is this claim TRUE or FALSE?

Respond in EXACTLY this format:
Verdict: [TRUE or FALSE]

Claim: ""The binding problem in neuroscience was solved by the discovery of grandmother cells.""",Verdict: FALSE,e0c99c534c8923c1bc35893350992fb2d2a141709ed0767588326031557b5ebe,FALSE,True,False,regex_search_ignorecase_original_notebook,Is your answer CORRECT or INCORRECT? Reply exactly CORRECT or INCORRECT.,81,?,99973,40,12.6875,21,5,True,CORRECT,CORRECT,True,True,8.125567155098338,8.125567155098338
49,calibration,neuroscience,5,other,CORRECT/INCORRECT,"Evaluate the following claim and provide TWO things:
1. Is this claim TRUE or FALSE?

Respond in EXACTLY this format:
Verdict: [TRUE or FALSE]

Claim: ""The binding problem in neuroscience was solved by the discovery of grandmother cells.""",Verdict: FALSE,e0c99c534c8923c1bc35893350992fb2d2a141709ed0767588326031557b5ebe,FALSE,True,False,regex_search_ignorecase_original_notebook,Is their answer CORRECT or INCORRECT? Reply exactly CORRECT or INCORRECT.,81,?,99973,40,13.5625,11,3,True,CORRECT,CORRECT,True,True,8.876896744629903,8.876896744629903
50,calibration,psychology,5,self,CORRECT/INCORRECT,"Evaluate the following claim and provide TWO things:
1. Is this claim TRUE or FALSE?

Respond in EXACTLY this format:
Verdict: [TRUE or FALSE]

Claim: ""The Rescorla-Wagner model predicts that learning rate increases monotonically with prediction error magnitude.""",Verdict: FALSE,e0c99c534c8923c1bc35893350992fb2d2a141709ed0767588326031557b5ebe,FALSE,True,False,regex_search_ignorecase_original_notebook,Is your answer CORRECT or INCORRECT? Reply exactly CORRECT or INCORRECT.,87,?,99973,40,13.0,13,4,True,CORRECT,CORRECT,True,True,4.375063454910105,4.375063454910105
50,calibration,psychology,5,other,CORRECT/INCORRECT,"Evaluate the following claim and provide TWO things:
1. Is this claim TRUE or FALSE?

Respond in EXACTLY this format:
Verdict: [TRUE or FALSE]

Claim: ""The Rescorla-Wagner model predicts that learning rate increases monotonically with prediction error magnitude.""",Verdict: FALSE,e0c99c534c8923c1bc35893350992fb2d2a141709ed0767588326031557b5ebe,FALSE,True,False,regex_search_ignorecase_original_notebook,Is their answer CORRECT or INCORRECT? Reply exactly CORRECT or INCORRECT.,87,?,99973,40,13.3125,12,3,True,CORRECT,CORRECT,True,True,6.001403741977356,6.001403741977356
51,calibration,psychophysics,5,self,CORRECT/INCORRECT,"Evaluate the following claim and provide TWO things:
1. Is this claim TRUE or FALSE?

Respond in EXACTLY this format:
Verdict: [TRUE or FALSE]

Claim: ""Fechner's law is derived by integrating Weber's law.""",Verdict: TRUE,45d42e561ca90f0d734ab56e3f7bbe6026a137c31956ac16b201249552241faa,TRUE,True,False,regex_search_ignorecase_original_notebook,Is your answer CORRECT or INCORRECT? Reply exactly CORRECT or INCORRECT.,80,?,99973,40,12.125,17,5,True,CORRECT,CORRECT,True,True,7.751434753484318,7.751434753484318
51,calibration,psychophysics,5,other,CORRECT/INCORRECT,"Evaluate the following claim and provide TWO things:
1. Is this claim TRUE or FALSE?

Respond in EXACTLY this format:
Verdict: [TRUE or FALSE]

Claim: ""Fechner's law is derived by integrating Weber's law.""",Verdict: TRUE,45d42e561ca90f0d734ab56e3f7bbe6026a137c31956ac16b201249552241faa,TRUE,True,False,regex_search_ignorecase_original_notebook,Is their answer CORRECT or INCORRECT? Reply exactly CORRECT or INCORRECT.,80,?,99973,40,13.5,10,3,True,CORRECT,CORRECT,True,True,10.75097599748824,10.75097599748824
52,calibration,philosophy,5,self,CORRECT/INCORRECT,"Evaluate the following claim and provide TWO things:
1. Is this claim TRUE or FALSE?

Respond in EXACTLY this format:
Verdict: [TRUE or FALSE]

Claim: ""Searle's Chinese Room argument was designed to refute strong AI.""",Verdict: TRUE,45d42e561ca90f0d734ab56e3f7bbe6026a137c31956ac16b201249552241faa,TRUE,True,False,regex_search_ignorecase_original_notebook,Is your answer CORRECT or INCORRECT? Reply exactly CORRECT or INCORRECT.,81,?,99973,40,11.9375,30,8,True,CORRECT,CORRECT,True,True,11.375044955195563,11.375044955195563
52,calibration,philosophy,5,other,CORRECT/INCORRECT,"Evaluate the following claim and provide TWO things:
1. Is this claim TRUE or FALSE?

Respond in EXACTLY this format:
Verdict: [TRUE or FALSE]

Claim: ""Searle's Chinese Room argument was designed to refute strong AI.""",Verdict: TRUE,45d42e561ca90f0d734ab56e3f7bbe6026a137c31956ac16b201249552241faa,TRUE,True,False,regex_search_ignorecase_original_notebook,Is their answer CORRECT or INCORRECT? Reply exactly CORRECT or INCORRECT.,81,?,99973,40,13.5625,10,3,True,CORRECT,CORRECT,True,True,11.375639516205638,11.375639516205638
53,calibration,psychometrics,5,self,CORRECT/INCORRECT,"Evaluate the following claim and provide TWO things:
1. Is this claim TRUE or FALSE?

Respond in EXACTLY this format:
Verdict: [TRUE or FALSE]

Claim: ""Item Response Theory assumes that all items have equal discrimination parameters.""",Verdict: FALSE,e0c99c534c8923c1bc35893350992fb2d2a141709ed0767588326031557b5ebe,FALSE,True,False,regex_search_ignorecase_original_notebook,Is your answer CORRECT or INCORRECT? Reply exactly CORRECT or INCORRECT.,79,?,99973,40,12.875,17,5,True,CORRECT,CORRECT,True,True,8.50008092629173,8.50008092629173
53,calibration,psychometrics,5,other,CORRECT/INCORRECT,"Evaluate the following claim and provide TWO things:
1. Is this claim TRUE or FALSE?

Respond in EXACTLY this format:
Verdict: [TRUE or FALSE]

Claim: ""Item Response Theory assumes that all items have equal discrimination parameters.""",Verdict: FALSE,e0c99c534c8923c1bc35893350992fb2d2a141709ed0767588326031557b5ebe,FALSE,True,False,regex_search_ignorecase_original_notebook,Is their answer CORRECT or INCORRECT? Reply exactly CORRECT or INCORRECT.,79,?,99973,40,13.875,10,2,True,CORRECT,CORRECT,True,True,9.62521005130236,9.62521005130236
54,calibration,psychophysics,5,self,CORRECT/INCORRECT,"Evaluate the following claim and provide TWO things:
1. Is this claim TRUE or FALSE?

Respond in EXACTLY this format:
Verdict: [TRUE or FALSE]

Claim: ""The McGurk effect demonstrates that visual information can override auditory perception in speech.""",Verdict: TRUE,45d42e561ca90f0d734ab56e3f7bbe6026a137c31956ac16b201249552241faa,TRUE,True,False,regex_search_ignorecase_original_notebook,Is your answer CORRECT or INCORRECT? Reply exactly CORRECT or INCORRECT.,83,?,99973,40,11.8125,30,8,True,CORRECT,CORRECT,True,True,8.500451327717315,8.500451327717315
54,calibration,psychophysics,5,other,CORRECT/INCORRECT,"Evaluate the following claim and provide TWO things:
1. Is this claim TRUE or FALSE?

Respond in EXACTLY this format:
Verdict: [TRUE or FALSE]

Claim: ""The McGurk effect demonstrates that visual information can override auditory perception in speech.""",Verdict: TRUE,45d42e561ca90f0d734ab56e3f7bbe6026a137c31956ac16b201249552241faa,TRUE,True,False,regex_search_ignorecase_original_notebook,Is their answer CORRECT or INCORRECT? Reply exactly CORRECT or INCORRECT.,83,?,99973,40,13.4375,12,2,True,CORRECT,CORRECT,True,True,10.252160659700849,10.252160659700849
55,calibration,neuroscience,5,self,CORRECT/INCORRECT,"Evaluate the following claim and provide TWO things:
1. Is this claim TRUE or FALSE?

Respond in EXACTLY this format:
Verdict: [TRUE or FALSE]

Claim: ""Helmholtz was the first to measure the speed of nerve conduction.""",Verdict: TRUE,45d42e561ca90f0d734ab56e3f7bbe6026a137c31956ac16b201249552241faa,TRUE,True,False,regex_search_ignorecase_original_notebook,Is your answer CORRECT or INCORRECT? Reply exactly CORRECT or INCORRECT.,83,?,99973,40,12.3125,21,5,True,CORRECT,CORRECT,True,True,8.500458278497263,8.500458278497263
55,calibration,neuroscience,5,other,CORRECT/INCORRECT,"Evaluate the following claim and provide TWO things:
1. Is this claim TRUE or FALSE?

Respond in EXACTLY this format:
Verdict: [TRUE or FALSE]

Claim: ""Helmholtz was the first to measure the speed of nerve conduction.""",Verdict: TRUE,45d42e561ca90f0d734ab56e3f7bbe6026a137c31956ac16b201249552241faa,TRUE,True,False,regex_search_ignorecase_original_notebook,Is their answer CORRECT or INCORRECT? Reply exactly CORRECT or INCORRECT.,83,?,99973,40,13.75,11,3,True,CORRECT,CORRECT,True,True,9.500684037519477,9.500684037519477
56,calibration,psychology,6,self,CORRECT/INCORRECT,"Evaluate the following claim and provide TWO things:
1. Is this claim TRUE or FALSE?

Respond in EXACTLY this format:
Verdict: [TRUE or FALSE]

Claim: ""In Milgram's original (1963) obedience experiment, exactly 50% of participants administered the maximum shock.""",Verdict: FALSE,e0c99c534c8923c1bc35893350992fb2d2a141709ed0767588326031557b5ebe,FALSE,True,False,regex_search_ignorecase_original_notebook,Is your answer CORRECT or INCORRECT? Reply exactly CORRECT or INCORRECT.,93,?,99973,40,12.5,21,6,True,CORRECT,CORRECT,True,True,5.125055313845223,5.125055313845223
56,calibration,psychology,6,other,CORRECT/INCORRECT,"Evaluate the following claim and provide TWO things:
1. Is this claim TRUE or FALSE?

Respond in EXACTLY this format:
Verdict: [TRUE or FALSE]

Claim: ""In Milgram's original (1963) obedience experiment, exactly 50% of participants administered the maximum shock.""",Verdict: FALSE,e0c99c534c8923c1bc35893350992fb2d2a141709ed0767588326031557b5ebe,FALSE,True,False,regex_search_ignorecase_original_notebook,Is their answer CORRECT or INCORRECT? Reply exactly CORRECT or INCORRECT.,93,?,99973,40,13.9375,8,2,True,CORRECT,CORRECT,True,True,4.500069771150265,4.500069771150265
57,calibration,statistics,6,self,CORRECT/INCORRECT,"Evaluate the following claim and provide TWO things:
1. Is this claim TRUE or FALSE?

Respond in EXACTLY this format:
Verdict: [TRUE or FALSE]

Claim: ""Benford's law predicts that the digit 1 appears as the leading digit approximately 30% of the time in many real-world datasets.""",Verdict: FALSE,e0c99c534c8923c1bc35893350992fb2d2a141709ed0767588326031557b5ebe,TRUE,False,False,regex_search_ignorecase_original_notebook,Is your answer CORRECT or INCORRECT? Reply exactly CORRECT or INCORRECT.,96,?,99973,40,12.1875,12,3,True,CORRECT,CORRECT,True,False,3.875021334595658,-3.875021334595658
57,calibration,statistics,6,other,CORRECT/INCORRECT,"Evaluate the following claim and provide TWO things:
1. Is this claim TRUE or FALSE?

Respond in EXACTLY this format:
Verdict: [TRUE or FALSE]

Claim: ""Benford's law predicts that the digit 1 appears as the leading digit approximately 30% of the time in many real-world datasets.""",Verdict: FALSE,e0c99c534c8923c1bc35893350992fb2d2a141709ed0767588326031557b5ebe,TRUE,False,False,regex_search_ignorecase_original_notebook,Is their answer CORRECT or INCORRECT? Reply exactly CORRECT or INCORRECT.,96,?,99973,40,13.5,10,3,True,CORRECT,CORRECT,True,False,4.625063619343564,-4.625063619343564
58,calibration,neuropsychology,6,self,CORRECT/INCORRECT,"Evaluate the following claim and provide TWO things:
1. Is this claim TRUE or FALSE?

Respond in EXACTLY this format:
Verdict: [TRUE or FALSE]

Claim: ""The Wisconsin Card Sorting Test primarily measures episodic memory.""",Verdict: FALSE,e0c99c534c8923c1bc35893350992fb2d2a141709ed0767588326031557b5ebe,FALSE,True,False,regex_search_ignorecase_original_notebook,Is your answer CORRECT or INCORRECT? Reply exactly CORRECT or INCORRECT.,78,?,99973,40,12.25,23,5,True,CORRECT,CORRECT,True,True,9.25016114563823,9.25016114563823
58,calibration,neuropsychology,6,other,CORRECT/INCORRECT,"Evaluate the following claim and provide TWO things:
1. Is this claim TRUE or FALSE?

Respond in EXACTLY this format:
Verdict: [TRUE or FALSE]

Claim: ""The Wisconsin Card Sorting Test primarily measures episodic memory.""",Verdict: FALSE,e0c99c534c8923c1bc35893350992fb2d2a141709ed0767588326031557b5ebe,FALSE,True,False,regex_search_ignorecase_original_notebook,Is their answer CORRECT or INCORRECT? Reply exactly CORRECT or INCORRECT.,78,?,99973,40,13.625,9,2,True,CORRECT,CORRECT,True,True,9.500131395183189,9.500131395183189
59,calibration,economics,6,self,CORRECT/INCORRECT,"Evaluate the following claim and provide TWO things:
1. Is this claim TRUE or FALSE?

Respond in EXACTLY this format:
Verdict: [TRUE or FALSE]

Claim: ""Goodhart's law states that when a measure becomes a target, it ceases to be a good measure.""",Verdict: TRUE,45d42e561ca90f0d734ab56e3f7bbe6026a137c31956ac16b201249552241faa,TRUE,True,False,regex_search_ignorecase_original_notebook,Is your answer CORRECT or INCORRECT? Reply exactly CORRECT or INCORRECT.,89,?,99973,40,11.125,61,19,False,CORRECT,CORRECT,True,True,9.750163486846418,9.750163486846418
59,calibration,economics,6,other,CORRECT/INCORRECT,"Evaluate the following claim and provide TWO things:
1. Is this claim TRUE or FALSE?

Respond in EXACTLY this format:
Verdict: [TRUE or FALSE]

Claim: ""Goodhart's law states that when a measure becomes a target, it ceases to be a good measure.""",Verdict: TRUE,45d42e561ca90f0d734ab56e3f7bbe6026a137c31956ac16b201249552241faa,TRUE,True,False,regex_search_ignorecase_original_notebook,Is their answer CORRECT or INCORRECT? Reply exactly CORRECT or INCORRECT.,89,?,99973,40,13.8125,11,2,True,CORRECT,CORRECT,True,True,11.125212182084056,11.125212182084056
60,calibration,psychology,6,self,CORRECT/INCORRECT,"Evaluate the following claim and provide TWO things:
1. Is this claim TRUE or FALSE?

Respond in EXACTLY this format:
Verdict: [TRUE or FALSE]

Claim: ""The Dunning-Kruger effect has been shown to be entirely a statistical artefact of regression to the mean.""",Verdict: FALSE,e0c99c534c8923c1bc35893350992fb2d2a141709ed0767588326031557b5ebe,FALSE,True,False,regex_search_ignorecase_original_notebook,Is your answer CORRECT or INCORRECT? Reply exactly CORRECT or INCORRECT.,90,?,99973,40,13.125,14,4,True,CORRECT,CORRECT,True,True,5.125047947107987,5.125047947107987
60,calibration,psychology,6,other,CORRECT/INCORRECT,"Evaluate the following claim and provide TWO things:
1. Is this claim TRUE or FALSE?

Respond in EXACTLY this format:
Verdict: [TRUE or FALSE]

Claim: ""The Dunning-Kruger effect has been shown to be entirely a statistical artefact of regression to the mean.""",Verdict: FALSE,e0c99c534c8923c1bc35893350992fb2d2a141709ed0767588326031557b5ebe,FALSE,True,False,regex_search_ignorecase_original_notebook,Is their answer CORRECT or INCORRECT? Reply exactly CORRECT or INCORRECT.,90,?,99973,40,13.625,10,2,True,CORRECT,CORRECT,True,True,5.875222842359108,5.875222842359108
61,calibration,psychology,6,self,CORRECT/INCORRECT,"Evaluate the following claim and provide TWO things:
1. Is this claim TRUE or FALSE?

Respond in EXACTLY this format:
Verdict: [TRUE or FALSE]

Claim: ""In Asch's conformity experiments, approximately 75% of participants conformed at least once.""",Verdict: TRUE,45d42e561ca90f0d734ab56e3f7bbe6026a137c31956ac16b201249552241faa,TRUE,True,False,regex_search_ignorecase_original_notebook,Is your answer CORRECT or INCORRECT? Reply exactly CORRECT or INCORRECT.,87,?,99973,40,11.4375,34,9,True,CORRECT,CORRECT,True,True,3.125123210507354,3.125123210507354
61,calibration,psychology,6,other,CORRECT/INCORRECT,"Evaluate the following claim and provide TWO things:
1. Is this claim TRUE or FALSE?

Respond in EXACTLY this format:
Verdict: [TRUE or FALSE]

Claim: ""In Asch's conformity experiments, approximately 75% of participants conformed at least once.""",Verdict: TRUE,45d42e561ca90f0d734ab56e3f7bbe6026a137c31956ac16b201249552241faa,TRUE,True,False,regex_search_ignorecase_original_notebook,Is their answer CORRECT or INCORRECT? Reply exactly CORRECT or INCORRECT.,87,?,99973,40,13.6875,11,2,True,CORRECT,CORRECT,True,True,3.125201864462724,3.125201864462724
62,calibration,methodology,6,self,CORRECT/INCORRECT,"Evaluate the following claim and provide TWO things:
1. Is this claim TRUE or FALSE?

Respond in EXACTLY this format:
Verdict: [TRUE or FALSE]

Claim: ""The Open Science Collaboration (2015) found that approximately 80% of psychology studies replicated.""",Verdict: FALSE,e0c99c534c8923c1bc35893350992fb2d2a141709ed0767588326031557b5ebe,FALSE,True,False,regex_search_ignorecase_original_notebook,Is your answer CORRECT or INCORRECT? Reply exactly CORRECT or INCORRECT.,89,?,99973,40,12.5625,14,4,True,CORRECT,CORRECT,True,True,4.750041475013404,4.750041475013404
62,calibration,methodology,6,other,CORRECT/INCORRECT,"Evaluate the following claim and provide TWO things:
1. Is this claim TRUE or FALSE?

Respond in EXACTLY this format:
Verdict: [TRUE or FALSE]

Claim: ""The Open Science Collaboration (2015) found that approximately 80% of psychology studies replicated.""",Verdict: FALSE,e0c99c534c8923c1bc35893350992fb2d2a141709ed0767588326031557b5ebe,FALSE,True,False,regex_search_ignorecase_original_notebook,Is their answer CORRECT or INCORRECT? Reply exactly CORRECT or INCORRECT.,89,?,99973,40,13.375,12,3,True,CORRECT,CORRECT,True,True,5.250102752987459,5.250102752987459
63,calibration,neuroscience,6,self,CORRECT/INCORRECT,"Evaluate the following claim and provide TWO things:
1. Is this claim TRUE or FALSE?

Respond in EXACTLY this format:
Verdict: [TRUE or FALSE]

Claim: ""System 1 and System 2 (Kahneman, 2011) correspond to distinct neural circuits in the brain.""",Verdict: FALSE,e0c99c534c8923c1bc35893350992fb2d2a141709ed0767588326031557b5ebe,FALSE,True,False,regex_search_ignorecase_original_notebook,Is your answer CORRECT or INCORRECT? Reply exactly CORRECT or INCORRECT.,94,?,99973,40,12.0625,21,4,True,CORRECT,CORRECT,True,True,4.000033922099192,4.000033922099192
63,calibration,neuroscience,6,other,CORRECT/INCORRECT,"Evaluate the following claim and provide TWO things:
1. Is this claim TRUE or FALSE?

Respond in EXACTLY this format:
Verdict: [TRUE or FALSE]

Claim: ""System 1 and System 2 (Kahneman, 2011) correspond to distinct neural circuits in the brain.""",Verdict: FALSE,e0c99c534c8923c1bc35893350992fb2d2a141709ed0767588326031557b5ebe,FALSE,True,False,regex_search_ignorecase_original_notebook,Is their answer CORRECT or INCORRECT? Reply exactly CORRECT or INCORRECT.,94,?,99973,40,13.25,11,3,True,CORRECT,CORRECT,True,True,5.0001725613255985,5.0001725613255985
64,calibration,linguistics,6,self,CORRECT/INCORRECT,"Evaluate the following claim and provide TWO things:
1. Is this claim TRUE or FALSE?

Respond in EXACTLY this format:
Verdict: [TRUE or FALSE]

Claim: ""The Sapir-Whorf hypothesis in its strong form claims that language determines thought.""",Verdict: TRUE,45d42e561ca90f0d734ab56e3f7bbe6026a137c31956ac16b201249552241faa,TRUE,True,False,regex_search_ignorecase_original_notebook,Is your answer CORRECT or INCORRECT? Reply exactly CORRECT or INCORRECT.,84,?,99973,40,11.875,37,10,True,CORRECT,CORRECT,True,True,10.000375862480894,10.000375862480894
64,calibration,linguistics,6,other,CORRECT/INCORRECT,"Evaluate the following claim and provide TWO things:
1. Is this claim TRUE or FALSE?

Respond in EXACTLY this format:
Verdict: [TRUE or FALSE]

Claim: ""The Sapir-Whorf hypothesis in its strong form claims that language determines thought.""",Verdict: TRUE,45d42e561ca90f0d734ab56e3f7bbe6026a137c31956ac16b201249552241faa,TRUE,True,False,regex_search_ignorecase_original_notebook,Is their answer CORRECT or INCORRECT? Reply exactly CORRECT or INCORRECT.,84,?,99973,40,14.25,10,2,True,CORRECT,CORRECT,True,True,10.625822791342557,10.625822791342557
65,calibration,psychophysics,6,self,CORRECT/INCORRECT,"Evaluate the following claim and provide TWO things:
1. Is this claim TRUE or FALSE?

Respond in EXACTLY this format:
Verdict: [TRUE or FALSE]

Claim: ""Meta-d' can theoretically exceed d' when metacognitive sensitivity surpasses perceptual sensitivity.""",Verdict: FALSE,e0c99c534c8923c1bc35893350992fb2d2a141709ed0767588326031557b5ebe,FALSE,True,False,regex_search_ignorecase_original_notebook,Is your answer CORRECT or INCORRECT? Reply exactly CORRECT or INCORRECT.,86,?,99973,40,12.1875,14,5,True,CORRECT,CORRECT,True,True,0.7501693529934528,0.7501693529934528
65,calibration,psychophysics,6,other,CORRECT/INCORRECT,"Evaluate the following claim and provide TWO things:
1. Is this claim TRUE or FALSE?

Respond in EXACTLY this format:
Verdict: [TRUE or FALSE]

Claim: ""Meta-d' can theoretically exceed d' when metacognitive sensitivity surpasses perceptual sensitivity.""",Verdict: FALSE,e0c99c534c8923c1bc35893350992fb2d2a141709ed0767588326031557b5ebe,FALSE,True,False,regex_search_ignorecase_original_notebook,Is their answer CORRECT or INCORRECT? Reply exactly CORRECT or INCORRECT.,86,?,99973,40,14.0625,7,2,True,CORRECT,CORRECT,True,True,0.7503462794579718,0.7503462794579718
66,prospective,chemistry,easy,self,PASS/FAIL,What is the chemical symbol for sodium?,"The chemical symbol for sodium is **Na**.

",dd8e46b3f2c4c10b3521d6832237235f17b951515acf0234291151436d593ed4,Na,True,False,regex_search_ignorecase_original_notebook,Is your answer PASS or FAIL? Reply exactly PASS or FAIL.,36,?,99973,40,13.0,21,2,True,PASS,PASS,True,True,12.250000238445864,12.250000238445864
66,prospective,chemistry,easy,other,PASS/FAIL,What is the chemical symbol for sodium?,"The chemical symbol for sodium is **Na**.

",dd8e46b3f2c4c10b3521d6832237235f17b951515acf0234291151436d593ed4,Na,True,False,regex_search_ignorecase_original_notebook,Is their answer PASS or FAIL? Reply exactly PASS or FAIL.,36,?,99973,40,11.0625,49,15,True,PASS,PASS,True,True,10.499999523613951,10.499999523613951
67,prospective,history,easy,self,PASS/FAIL,In which year did World War II end?,"World War II ended in **1945**.

",bea91a766cb55f1289d0ae60f95dfb3dc9fbf6722db7f712871d5ad00f3111be,1945,True,False,regex_search_ignorecase_original_notebook,Is your answer PASS or FAIL? Reply exactly PASS or FAIL.,39,?,99973,40,12.6875,25,3,True,PASS,PASS,True,True,13.125000357647878,13.125000357647878
67,prospective,history,easy,other,PASS/FAIL,In which year did World War II end?,"World War II ended in **1945**.

",bea91a766cb55f1289d0ae60f95dfb3dc9fbf6722db7f712871d5ad00f3111be,1945,True,False,regex_search_ignorecase_original_notebook,Is their answer PASS or FAIL? Reply exactly PASS or FAIL.,39,?,99973,40,10.9375,56,16,False,PASS,PASS,True,True,10.12499988167474,10.12499988167474
68,prospective,psychology,medium,self,PASS/FAIL,What is the name of the phenomenon where people with low ability at a task overestimate their ability? Name the two authors of the original 1999 paper.,"The phenomenon is known as the **Dunning-Kruger effect**.

",1e3ea3de7eb1d0ed195547456c351ff172fac4236ed7ef5471e99b1b4c4f4ef6,Dunning.*Kruger,True,False,regex_search_ignorecase_original_notebook,Is your answer PASS or FAIL? Reply exactly PASS or FAIL.,67,?,99973,40,13.125,13,2,True,FAIL,FAIL,True,False,0.0,0.0
68,prospective,psychology,medium,other,PASS/FAIL,What is the name of the phenomenon where people with low ability at a task overestimate their ability? Name the two authors of the original 1999 paper.,"The phenomenon is known as the **Dunning-Kruger effect**.

",1e3ea3de7eb1d0ed195547456c351ff172fac4236ed7ef5471e99b1b4c4f4ef6,Dunning.*Kruger,True,False,regex_search_ignorecase_original_notebook,Is their answer PASS or FAIL? Reply exactly PASS or FAIL.,67,?,99973,40,10.25,62,17,False,PASS,PASS,True,True,0.125,0.125
69,prospective,psychology,medium,self,PASS/FAIL,What is the exact percentage of participants who administered the maximum shock in Milgram's original obedience experiment?,"In Stanley Milgram's original obedience experiment (conducted in 1961 at Yale University), **65%** of participants administered the maximum shock of 450 volts.

",42769ace0c79925b060f7859c13ff4dc8ec4efab15898cf9ac13bcf66cb980f0,65,True,False,regex_search_ignorecase_original_notebook,Is your answer PASS or FAIL? Reply exactly PASS or FAIL.,77,?,99973,40,12.375,22,5,True,PASS,PASS,True,True,10.374999523737642,10.374999523737642
69,prospective,psychology,medium,other,PASS/FAIL,What is the exact percentage of participants who administered the maximum shock in Milgram's original obedience experiment?,"In Stanley Milgram's original obedience experiment (conducted in 1961 at Yale University), **65%** of participants administered the maximum shock of 450 volts.

",42769ace0c79925b060f7859c13ff4dc8ec4efab15898cf9ac13bcf66cb980f0,65,True,False,regex_search_ignorecase_original_notebook,Is their answer PASS or FAIL? Reply exactly PASS or FAIL.,77,?,99973,40,10.0625,59,23,False,PASS,PASS,True,True,8.749999774299795,8.749999774299795
70,prospective,psychophysics,hard,self,PASS/FAIL,"In the unequal-variance SDT model, what happens to the relationship between d_a and d-prime when the signal distribution has greater variance than the noise distribution?","In the unequal-variance Signal Detection Theory (SDT) model, when the signal distribution has a greater variance than the noise distribution ($\sigma_s > \sigma_n$), the relationship between $d_a$ and $d'$ is",fd961b6725eed42a07e9ea49f6b9a187bb57812ec6b52d1b1153a4b9730ebf35,(?i)(d_a.*less|d_a.*small|diverge|differ),False,False,regex_search_ignorecase_original_notebook,Is your answer PASS or FAIL? Reply exactly PASS or FAIL.,100,?,99973,40,12.25,21,4,True,FAIL,FAIL,True,True,-2.499999925494194,2.499999925494194
70,prospective,psychophysics,hard,other,PASS/FAIL,"In the unequal-variance SDT model, what happens to the relationship between d_a and d-prime when the signal distribution has greater variance than the noise distribution?","In the unequal-variance Signal Detection Theory (SDT) model, when the signal distribution has a greater variance than the noise distribution ($\sigma_s > \sigma_n$), the relationship between $d_a$ and $d'$ is",fd961b6725eed42a07e9ea49f6b9a187bb57812ec6b52d1b1153a4b9730ebf35,(?i)(d_a.*less|d_a.*small|diverge|differ),False,False,regex_search_ignorecase_original_notebook,Is their answer PASS or FAIL? Reply exactly PASS or FAIL.,100,?,99973,40,10.125,24,10,True,FAIL,FAIL,True,True,-3.624999936670065,3.624999936670065
71,prospective,developmental,medium,self,PASS/FAIL,"In Kemp, Perfors & Tenenbaum (2007), what is the name of the second-order generalisation that children form about which features define categories?","Based on the paper **""Learning a Theory of Objects"" by Kemp, Perfors, and Tenenbaum (2007)**, here is the deduction and answer regarding the specific term used.

",41c26a7da337854b886c0f87eb444629e86c6cdd93e12cd3fb436dca9fa3519f,(?i)overhypothes,False,False,regex_search_ignorecase_original_notebook,Is your answer PASS or FAIL? Reply exactly PASS or FAIL.,92,?,99973,40,12.375,19,4,True,FAIL,FAIL,True,True,-1.125,1.125
71,prospective,developmental,medium,other,PASS/FAIL,"In Kemp, Perfors & Tenenbaum (2007), what is the name of the second-order generalisation that children form about which features define categories?","Based on the paper **""Learning a Theory of Objects"" by Kemp, Perfors, and Tenenbaum (2007)**, here is the deduction and answer regarding the specific term used.

",41c26a7da337854b886c0f87eb444629e86c6cdd93e12cd3fb436dca9fa3519f,(?i)overhypothes,False,False,regex_search_ignorecase_original_notebook,Is their answer PASS or FAIL? Reply exactly PASS or FAIL.,92,?,99973,40,8.75,159,77,False,FAIL,FAIL,True,True,-3.1249998845160007,3.1249998845160007
72,prospective,methodology,hard,self,PASS/FAIL,What is the replication rate reported by the Open Science Collaboration (2015) for psychology studies published in three top journals?,"The Open Science Collaboration (OSC) reported a replication success rate of **36%** (specifically 35.9%) for the psychology studies they attempted to replicate.

",de931cd29cc3995b1e6a59b41258a3df560ad9a4bef7732eeae4b8e3d857458f,3[6-9]|4[0-2],True,False,regex_search_ignorecase_original_notebook,Is your answer PASS or FAIL? Reply exactly PASS or FAIL.,80,?,99973,40,11.875,28,6,True,PASS,PASS,True,True,8.999999769410351,8.999999769410351
72,prospective,methodology,hard,other,PASS/FAIL,What is the replication rate reported by the Open Science Collaboration (2015) for psychology studies published in three top journals?,"The Open Science Collaboration (OSC) reported a replication success rate of **36%** (specifically 35.9%) for the psychology studies they attempted to replicate.

",de931cd29cc3995b1e6a59b41258a3df560ad9a4bef7732eeae4b8e3d857458f,3[6-9]|4[0-2],True,False,regex_search_ignorecase_original_notebook,Is their answer PASS or FAIL? Reply exactly PASS or FAIL.,80,?,99973,40,9.75,76,28,False,PASS,PASS,True,True,7.3749998394050635,7.3749998394050635
73,prospective,neuroscience,hard,self,PASS/FAIL,"In Crewther & Hugrass (2012), what visual phenomenon did they use to demonstrate M/P pathway dissociation?","Based on the study by Crewther and Hugrass (2012), titled *""Dissociation of the magnocellular and parvocellular pathways using a novel visual stimulus,""* the visual phenomenon used to demonstrate M/P",c80f5b93f308523ea746fd8704f7e5fb8a03b869786ff037e4b96465ccf206d1,(?i)(rivalry|binocular|bistab),False,False,regex_search_ignorecase_original_notebook,Is your answer PASS or FAIL? Reply exactly PASS or FAIL.,94,?,99973,40,12.0,22,5,True,FAIL,FAIL,True,True,-2.1250000968575478,2.1250000968575478
73,prospective,neuroscience,hard,other,PASS/FAIL,"In Crewther & Hugrass (2012), what visual phenomenon did they use to demonstrate M/P pathway dissociation?","Based on the study by Crewther and Hugrass (2012), titled *""Dissociation of the magnocellular and parvocellular pathways using a novel visual stimulus,""* the visual phenomenon used to demonstrate M/P",c80f5b93f308523ea746fd8704f7e5fb8a03b869786ff037e4b96465ccf206d1,(?i)(rivalry|binocular|bistab),False,False,regex_search_ignorecase_original_notebook,Is their answer PASS or FAIL? Reply exactly PASS or FAIL.,94,?,99973,40,9.375,78,22,False,FAIL,FAIL,True,True,-1.8749999105930328,1.8749999105930328
82,knowledge_boundary,biology,know,self,PASS/FAIL,What is the powerhouse of the cell?,"Based on biological science, here is the answer to your question:

",b7420c528bdda63d4fcb3f4e33f9e16e896badbfb596e91898a093cf4713ee80,(?i)mitochondri,False,False,regex_search_ignorecase_original_notebook,Is your answer PASS or FAIL? Reply exactly PASS or FAIL.,40,?,99973,40,11.3125,34,5,True,FAIL,FAIL,True,True,-0.625,0.625
82,knowledge_boundary,biology,know,other,PASS/FAIL,What is the powerhouse of the cell?,"Based on biological science, here is the answer to your question:

",b7420c528bdda63d4fcb3f4e33f9e16e896badbfb596e91898a093cf4713ee80,(?i)mitochondri,False,False,regex_search_ignorecase_original_notebook,Is their answer PASS or FAIL? Reply exactly PASS or FAIL.,40,?,99973,40,8.25,172,61,False,FAIL,FAIL,True,True,-2.000000074505806,2.000000074505806
83,knowledge_boundary,psychology,know,self,PASS/FAIL,Who is considered the father of psychoanalysis?,"**Sigmund Freud** is considered the father of psychoanalysis.

",1095f7294195f8ce785f6a2870804c1c083fbf895d13087e73d96794f4d02f6f,(?i)freud,True,False,regex_search_ignorecase_original_notebook,Is your answer PASS or FAIL? Reply exactly PASS or FAIL.,42,?,99973,40,13.0,20,2,True,PASS,PASS,True,True,14.625000357631052,14.625000357631052
83,knowledge_boundary,psychology,know,other,PASS/FAIL,Who is considered the father of psychoanalysis?,"**Sigmund Freud** is considered the father of psychoanalysis.

",1095f7294195f8ce785f6a2870804c1c083fbf895d13087e73d96794f4d02f6f,(?i)freud,True,False,regex_search_ignorecase_original_notebook,Is their answer PASS or FAIL? Reply exactly PASS or FAIL.,42,?,99973,40,9.6875,98,30,False,PASS,PASS,True,True,13.499999880798441,13.499999880798441
84,knowledge_boundary,metacognition,boundary,self,PASS/FAIL,"In Nelson & Narens (1990), what are the two directions of information flow between the meta-level and the object-level?","Based on the framework established by Nelson and Narens in their 1990 paper, *""Metamemory: A Theoretical Framework and New Findings,""* the relationship between the **meta-level** (the system that monitors",a2bd41a1c3a185d2987417b43f40ac1a8a9dcb697e5365321a47655ad24efccb,(?i)monitor.*control|control.*monitor,False,False,regex_search_ignorecase_original_notebook,Is your answer PASS or FAIL? Reply exactly PASS or FAIL.,96,?,99973,40,12.1875,23,5,True,FAIL,FAIL,True,True,-2.2500000819563866,2.2500000819563866
84,knowledge_boundary,metacognition,boundary,other,PASS/FAIL,"In Nelson & Narens (1990), what are the two directions of information flow between the meta-level and the object-level?","Based on the framework established by Nelson and Narens in their 1990 paper, *""Metamemory: A Theoretical Framework and New Findings,""* the relationship between the **meta-level** (the system that monitors",a2bd41a1c3a185d2987417b43f40ac1a8a9dcb697e5365321a47655ad24efccb,(?i)monitor.*control|control.*monitor,False,False,regex_search_ignorecase_original_notebook,Is their answer PASS or FAIL? Reply exactly PASS or FAIL.,96,?,99973,40,8.875,90,32,False,FAIL,FAIL,True,True,-3.4999999180436134,3.4999999180436134
85,knowledge_boundary,psychophysics,boundary,self,PASS/FAIL,"In Weber's Law, what is the mathematical form of the just-noticeable difference as a function of stimulus intensity?","Based on the principles of psychophysics, here is the step-by-step deduction of the mathematical form of the Just-Noticeable Difference (JND) in Weber's Law.

",993f507a1bc23c75f58f8ffc3777e61900d619fa3a5ca64abb230138a2083cae,(?i)(delta.*=.*k|proportion|fraction|ΔI/I),False,False,regex_search_ignorecase_original_notebook,Is your answer PASS or FAIL? Reply exactly PASS or FAIL.,79,?,99973,40,11.9375,19,3,True,FAIL,FAIL,True,True,-0.8749999701976776,0.8749999701976776
85,knowledge_boundary,psychophysics,boundary,other,PASS/FAIL,"In Weber's Law, what is the mathematical form of the just-noticeable difference as a function of stimulus intensity?","Based on the principles of psychophysics, here is the step-by-step deduction of the mathematical form of the Just-Noticeable Difference (JND) in Weber's Law.

",993f507a1bc23c75f58f8ffc3777e61900d619fa3a5ca64abb230138a2083cae,(?i)(delta.*=.*k|proportion|fraction|ΔI/I),False,False,regex_search_ignorecase_original_notebook,Is their answer PASS or FAIL? Reply exactly PASS or FAIL.,79,?,99973,40,9.25,57,21,False,FAIL,FAIL,True,True,-1.2500000298023224,1.2500000298023224
86,knowledge_boundary,statistics,boundary,self,PASS/FAIL,"What is the name of the scoring rule that decomposes into reliability, resolution, and uncertainty components?","The scoring rule that decomposes into reliability, resolution, and uncertainty components is the **Brier Score**.

",e68152e18045df4757cbbc1535b57a89258351982d2ca1b52012752543752d7c,(?i)brier,True,False,regex_search_ignorecase_original_notebook,Is your answer PASS or FAIL? Reply exactly PASS or FAIL.,60,?,99973,40,11.9375,24,5,True,PASS,PASS,True,True,14.500000119210881,14.500000119210881
86,knowledge_boundary,statistics,boundary,other,PASS/FAIL,"What is the name of the scoring rule that decomposes into reliability, resolution, and uncertainty components?","The scoring rule that decomposes into reliability, resolution, and uncertainty components is the **Brier Score**.

",e68152e18045df4757cbbc1535b57a89258351982d2ca1b52012752543752d7c,(?i)brier,True,False,regex_search_ignorecase_original_notebook,Is their answer PASS or FAIL? Reply exactly PASS or FAIL.,60,?,99973,40,10.375,48,13,True,PASS,PASS,True,True,10.999999642561306,10.999999642561306
87,knowledge_boundary,psychophysics,guess,self,PASS/FAIL,"In Cacioli (2026), what Weber fraction was found for the Qwen exploratory model in the magnitude comparison task?","The premise of your question contains factual errors regarding both the publication date and the existence of the cited study.

",e63236e9c28c19d7cbac01cb008121af12dae8125d88aeb8c7b5665f7f00f5a1,(?i)0\.17|0\.18,False,False,regex_search_ignorecase_original_notebook,Is your answer PASS or FAIL? Reply exactly PASS or FAIL.,68,?,99973,40,12.25,26,7,True,PASS,PASS,True,False,4.87499984074384,-4.87499984074384
87,knowledge_boundary,psychophysics,guess,other,PASS/FAIL,"In Cacioli (2026), what Weber fraction was found for the Qwen exploratory model in the magnitude comparison task?","The premise of your question contains factual errors regarding both the publication date and the existence of the cited study.

",e63236e9c28c19d7cbac01cb008121af12dae8125d88aeb8c7b5665f7f00f5a1,(?i)0\.17|0\.18,False,False,regex_search_ignorecase_original_notebook,Is their answer PASS or FAIL? Reply exactly PASS or FAIL.,68,?,99973,40,9.625,90,30,False,PASS,PASS,True,False,8.125000284606358,-8.125000284606358
88,knowledge_boundary,methodology,guess,self,PASS/FAIL,How many pre-registered runs were reported in the overhypothesis induction study at osf.io/h8un6?,"Based on the study registered at **osf.io/h8un6** (titled *""Overhypothesis Induction: A Pre-registered Study""* by authors such as Gureckis, Markant, et al., or",a411a49090a767997145ae951faadd2504fe4cfa8e88dff46325fb6fb488b457,(?i)1[25][05],False,False,regex_search_ignorecase_original_notebook,Is your answer PASS or FAIL? Reply exactly PASS or FAIL.,92,?,99973,40,11.0,43,7,True,FAIL,FAIL,True,True,-1.1249999701976776,1.1249999701976776
88,knowledge_boundary,methodology,guess,other,PASS/FAIL,How many pre-registered runs were reported in the overhypothesis induction study at osf.io/h8un6?,"Based on the study registered at **osf.io/h8un6** (titled *""Overhypothesis Induction: A Pre-registered Study""* by authors such as Gureckis, Markant, et al., or",a411a49090a767997145ae951faadd2504fe4cfa8e88dff46325fb6fb488b457,(?i)1[25][05],False,False,regex_search_ignorecase_original_notebook,Is their answer PASS or FAIL? Reply exactly PASS or FAIL.,92,?,99973,40,10.125,40,13,True,FAIL,FAIL,True,True,-2.2500000074505806,2.2500000074505806
89,knowledge_boundary,cognitive_science,guess,self,PASS/FAIL,"In the Classical Minds programme, what was the second-order accuracy for medium-scale models on the overhypothesis induction task?","Based on the research associated with the **Classical Minds** programme (specifically the work by **Ullman and Tenenbaum**, such as in their 2020 paper *""Probabilistic programs as a framework for modeling",3ea6a761b076d698ff1c17f444138fea159500891ad46c1568258baa9b06b2af,(?i)5[0-2]|chance|50,False,False,regex_search_ignorecase_original_notebook,Is your answer PASS or FAIL? Reply exactly PASS or FAIL.,92,?,99973,40,11.75,26,6,True,FAIL,FAIL,True,True,-1.8749999552965164,1.8749999552965164
89,knowledge_boundary,cognitive_science,guess,other,PASS/FAIL,"In the Classical Minds programme, what was the second-order accuracy for medium-scale models on the overhypothesis induction task?","Based on the research associated with the **Classical Minds** programme (specifically the work by **Ullman and Tenenbaum**, such as in their 2020 paper *""Probabilistic programs as a framework for modeling",3ea6a761b076d698ff1c17f444138fea159500891ad46c1568258baa9b06b2af,(?i)5[0-2]|chance|50,False,False,regex_search_ignorecase_original_notebook,Is their answer PASS or FAIL? Reply exactly PASS or FAIL.,92,?,99973,40,11.625,28,13,True,FAIL,FAIL,True,True,-2.249999947845936,2.249999947845936
