item_id,item_type,domain,difficulty,labels,candidate_token_id,candidate_layer,factual_answer,factual_answer_sha256,same_question_and_answer,requested_strength,effective_strength_self,effective_strength_other,candidate_score_self,candidate_rank_self,candidate_word_filtered_rank_self,candidate_score_other,candidate_rank_other,candidate_word_filtered_rank_other,self_minus_other_candidate_score,candidate_rank_self_minus_other,baseline_margin_self,baseline_margin_other,baseline_oriented_margin_self,baseline_oriented_margin_other,intervened_margin_self,intervened_margin_other,steering_delta_raw_self,steering_delta_raw_other,steering_delta_self,steering_delta_other,self_minus_other_steering_effect,baseline_output_self,baseline_output_other,intervened_output_self,intervened_output_other,flipped_self,flipped_other,flip_effect_self,flip_effect_other
0,calibration,physics,1,CORRECT/INCORRECT,99973,40,Verdict: TRUE,45d42e561ca90f0d734ab56e3f7bbe6026a137c31956ac16b201249552241faa,True,-1.7,-1.0,-1.0,11.1875,51,19,13.3125,12,2,-2.125,39,11.125120193619978,9.750137330415896,11.125120193619978,9.750137330415896,2.5358199117918048,2.541664552534712,-8.589300281828173,-7.208472777881184,-8.589300281828173,-7.208472777881184,-1.380827503946989,CORRECT,CORRECT,CORRECT,CORRECT,False,False,no_flip,no_flip
0,calibration,physics,1,CORRECT/INCORRECT,99973,40,Verdict: TRUE,45d42e561ca90f0d734ab56e3f7bbe6026a137c31956ac16b201249552241faa,True,-1.8,-1.0,-1.0,11.1875,51,19,13.3125,12,2,-2.125,39,11.125120193619978,9.750137330415896,11.125120193619978,9.750137330415896,2.6706826027020725,2.6666239431706344,-8.454437590917905,-7.083513387245262,-8.454437590917905,-7.083513387245262,-1.3709242036726437,CORRECT,CORRECT,CORRECT,CORRECT,False,False,no_flip,no_flip
66,prospective,chemistry,easy,PASS/FAIL,99973,40,"The chemical symbol for sodium is **Na**.

",dd8e46b3f2c4c10b3521d6832237235f17b951515acf0234291151436d593ed4,True,-1.7,-1.0,-1.0,13.0,21,2,11.0625,49,15,1.9375,-28,12.250000238445864,10.499999523613951,12.250000238445864,10.499999523613951,2.3750000298023224,2.5624999403953552,-9.875000208643542,-7.937499583218596,-9.875000208643542,-7.937499583218596,-1.9375006254249456,PASS,PASS,PASS,PASS,False,False,no_flip,no_flip
66,prospective,chemistry,easy,PASS/FAIL,99973,40,"The chemical symbol for sodium is **Na**.

",dd8e46b3f2c4c10b3521d6832237235f17b951515acf0234291151436d593ed4,True,-1.8,-1.0,-1.0,13.0,21,2,11.0625,49,15,1.9375,-28,12.250000238445864,10.499999523613951,12.250000238445864,10.499999523613951,2.2500000447034836,2.5000000447034836,-10.00000019374238,-7.999999478910468,-10.00000019374238,-7.999999478910468,-2.0000007148319128,PASS,PASS,PASS,PASS,False,False,no_flip,no_flip
73,prospective,neuroscience,hard,PASS/FAIL,99973,40,"Based on the study by Crewther and Hugrass (2012), titled *""Dissociation of the magnocellular and parvocellular pathways using a novel visual stimulus,""* the visual phenomenon used to demonstrate M/P",c80f5b93f308523ea746fd8704f7e5fb8a03b869786ff037e4b96465ccf206d1,True,-1.7,-1.0,-1.0,12.0,22,5,9.375,78,22,2.625,-56,-2.1250000968575478,-1.8749999105930328,2.1250000968575478,1.8749999105930328,-0.375,-0.4999999403953552,1.7500000968575478,1.3749999701976776,-1.7500000968575478,-1.3749999701976776,-0.37500012665987015,FAIL,FAIL,FAIL,FAIL,False,False,no_flip,no_flip
73,prospective,neuroscience,hard,PASS/FAIL,99973,40,"Based on the study by Crewther and Hugrass (2012), titled *""Dissociation of the magnocellular and parvocellular pathways using a novel visual stimulus,""* the visual phenomenon used to demonstrate M/P",c80f5b93f308523ea746fd8704f7e5fb8a03b869786ff037e4b96465ccf206d1,True,-1.8,-1.0,-1.0,12.0,22,5,9.375,78,22,2.625,-56,-2.1250000968575478,-1.8749999105930328,2.1250000968575478,1.8749999105930328,-0.25,-0.5,1.8750000968575478,1.3749999105930328,-1.8750000968575478,-1.3749999105930328,-0.5000001862645149,FAIL,FAIL,FAIL,FAIL,False,False,no_flip,no_flip
87,knowledge_boundary,psychophysics,guess,PASS/FAIL,99973,40,"The premise of your question contains factual errors regarding both the publication date and the existence of the cited study.

",e63236e9c28c19d7cbac01cb008121af12dae8125d88aeb8c7b5665f7f00f5a1,True,-1.7,-1.0,-1.0,12.25,26,7,9.625,90,30,2.625,-64,4.87499984074384,8.125000284606358,-4.87499984074384,-8.125000284606358,0.7500000298023224,0.6249999701976776,-4.124999810941517,-7.50000031440868,4.124999810941517,7.50000031440868,-3.375000503467163,PASS,PASS,PASS,PASS,False,False,no_flip,no_flip
87,knowledge_boundary,psychophysics,guess,PASS/FAIL,99973,40,"The premise of your question contains factual errors regarding both the publication date and the existence of the cited study.

",e63236e9c28c19d7cbac01cb008121af12dae8125d88aeb8c7b5665f7f00f5a1,True,-1.8,-1.0,-1.0,12.25,26,7,9.625,90,30,2.625,-64,4.87499984074384,8.125000284606358,-4.87499984074384,-8.125000284606358,0.7499999701976776,0.7499999701976776,-4.124999870546162,-7.37500031440868,4.124999870546162,7.37500031440868,-3.2500004438625183,PASS,PASS,PASS,PASS,False,False,no_flip,no_flip
