item_id,phase,condition,branch,layer,token_id,score,raw_rank
1,pre_discovery_smoke,clean_preserved,correctness,36,97817,9.1875,111
1,pre_discovery_smoke,clean_preserved,correctness,36,99973,9.625,93
1,pre_discovery_smoke,clean_preserved,correctness,37,97817,10.3125,93
1,pre_discovery_smoke,clean_preserved,correctness,37,99973,10.8125,66
1,pre_discovery_smoke,clean_preserved,correctness,38,97817,11.625,44
1,pre_discovery_smoke,clean_preserved,correctness,38,99973,12.3125,34
1,pre_discovery_smoke,clean_preserved,correctness,39,97817,12.5625,32
1,pre_discovery_smoke,clean_preserved,correctness,39,99973,13.1875,20
1,pre_discovery_smoke,clean_preserved,correctness,40,97817,12.875,29
1,pre_discovery_smoke,clean_preserved,correctness,40,99973,13.6875,16
1,pre_discovery_smoke,clean_preserved,correctness,41,97817,14.5625,13
1,pre_discovery_smoke,clean_preserved,correctness,41,99973,15.1875,8
1,pre_discovery_smoke,clean_preserved,correctness,42,97817,15.0625,8
1,pre_discovery_smoke,clean_preserved,correctness,42,99973,15.5625,5
1,pre_discovery_smoke,clean_preserved,correctness,43,97817,15.0,5
1,pre_discovery_smoke,clean_preserved,correctness,43,99973,14.875,6
1,pre_discovery_smoke,clean_preserved,correctness,44,97817,15.3125,6
1,pre_discovery_smoke,clean_preserved,correctness,44,99973,14.5,7
1,pre_discovery_smoke,clean_preserved,confidence,36,97817,7.90625,211
1,pre_discovery_smoke,clean_preserved,confidence,36,99973,10.6875,35
1,pre_discovery_smoke,clean_preserved,confidence,37,97817,8.9375,136
1,pre_discovery_smoke,clean_preserved,confidence,37,99973,11.625,33
1,pre_discovery_smoke,clean_preserved,confidence,38,97817,9.375,117
1,pre_discovery_smoke,clean_preserved,confidence,38,99973,12.0,27
1,pre_discovery_smoke,clean_preserved,confidence,39,97817,9.1875,113
1,pre_discovery_smoke,clean_preserved,confidence,39,99973,11.5,26
1,pre_discovery_smoke,clean_preserved,confidence,40,97817,9.8125,89
1,pre_discovery_smoke,clean_preserved,confidence,40,99973,12.3125,24
1,pre_discovery_smoke,clean_preserved,confidence,41,97817,9.75,96
1,pre_discovery_smoke,clean_preserved,confidence,41,99973,12.3125,21
1,pre_discovery_smoke,clean_preserved,confidence,42,97817,9.875,80
1,pre_discovery_smoke,clean_preserved,confidence,42,99973,12.625,16
1,pre_discovery_smoke,clean_preserved,confidence,43,97817,10.25,45
1,pre_discovery_smoke,clean_preserved,confidence,43,99973,12.75,12
1,pre_discovery_smoke,clean_preserved,confidence,44,97817,10.4375,40
1,pre_discovery_smoke,clean_preserved,confidence,44,99973,12.75,13
1,pre_discovery_smoke,targeted_strong_preserved,correctness,36,97817,9.125,118
1,pre_discovery_smoke,targeted_strong_preserved,correctness,36,99973,9.5625,91
1,pre_discovery_smoke,targeted_strong_preserved,correctness,37,97817,10.25,94
1,pre_discovery_smoke,targeted_strong_preserved,correctness,37,99973,10.75,67
1,pre_discovery_smoke,targeted_strong_preserved,correctness,38,97817,11.5625,46
1,pre_discovery_smoke,targeted_strong_preserved,correctness,38,99973,12.3125,33
1,pre_discovery_smoke,targeted_strong_preserved,correctness,39,97817,12.625,30
1,pre_discovery_smoke,targeted_strong_preserved,correctness,39,99973,13.1875,18
1,pre_discovery_smoke,targeted_strong_preserved,correctness,40,97817,12.875,29
1,pre_discovery_smoke,targeted_strong_preserved,correctness,40,99973,13.6875,17
1,pre_discovery_smoke,targeted_strong_preserved,correctness,41,97817,14.75,12
1,pre_discovery_smoke,targeted_strong_preserved,correctness,41,99973,15.25,7
1,pre_discovery_smoke,targeted_strong_preserved,correctness,42,97817,15.1875,8
1,pre_discovery_smoke,targeted_strong_preserved,correctness,42,99973,15.625,6
1,pre_discovery_smoke,targeted_strong_preserved,correctness,43,97817,15.0625,5
1,pre_discovery_smoke,targeted_strong_preserved,correctness,43,99973,14.9375,6
1,pre_discovery_smoke,targeted_strong_preserved,correctness,44,97817,15.25,6
1,pre_discovery_smoke,targeted_strong_preserved,correctness,44,99973,14.4375,8
1,pre_discovery_smoke,targeted_strong_preserved,confidence,36,97817,7.875,213
1,pre_discovery_smoke,targeted_strong_preserved,confidence,36,99973,10.625,36
1,pre_discovery_smoke,targeted_strong_preserved,confidence,37,97817,8.9375,134
1,pre_discovery_smoke,targeted_strong_preserved,confidence,37,99973,11.625,33
1,pre_discovery_smoke,targeted_strong_preserved,confidence,38,97817,9.375,121
1,pre_discovery_smoke,targeted_strong_preserved,confidence,38,99973,12.0,27
1,pre_discovery_smoke,targeted_strong_preserved,confidence,39,97817,9.25,108
1,pre_discovery_smoke,targeted_strong_preserved,confidence,39,99973,11.5625,25
1,pre_discovery_smoke,targeted_strong_preserved,confidence,40,97817,9.8125,90
1,pre_discovery_smoke,targeted_strong_preserved,confidence,40,99973,12.3125,24
1,pre_discovery_smoke,targeted_strong_preserved,confidence,41,97817,9.8125,91
1,pre_discovery_smoke,targeted_strong_preserved,confidence,41,99973,12.375,20
1,pre_discovery_smoke,targeted_strong_preserved,confidence,42,97817,9.875,80
1,pre_discovery_smoke,targeted_strong_preserved,confidence,42,99973,12.6875,16
1,pre_discovery_smoke,targeted_strong_preserved,confidence,43,97817,10.25,45
1,pre_discovery_smoke,targeted_strong_preserved,confidence,43,99973,12.8125,12
1,pre_discovery_smoke,targeted_strong_preserved,confidence,44,97817,10.4375,41
1,pre_discovery_smoke,targeted_strong_preserved,confidence,44,99973,12.75,13
1,pre_discovery_smoke,random_strong_preserved,correctness,36,97817,9.1875,110
1,pre_discovery_smoke,random_strong_preserved,correctness,36,99973,9.625,93
1,pre_discovery_smoke,random_strong_preserved,correctness,37,97817,10.375,88
1,pre_discovery_smoke,random_strong_preserved,correctness,37,99973,10.8125,64
1,pre_discovery_smoke,random_strong_preserved,correctness,38,97817,11.6875,42
1,pre_discovery_smoke,random_strong_preserved,correctness,38,99973,12.375,33
1,pre_discovery_smoke,random_strong_preserved,correctness,39,97817,12.625,30
1,pre_discovery_smoke,random_strong_preserved,correctness,39,99973,13.25,18
1,pre_discovery_smoke,random_strong_preserved,correctness,40,97817,12.9375,28
1,pre_discovery_smoke,random_strong_preserved,correctness,40,99973,13.6875,16
1,pre_discovery_smoke,random_strong_preserved,correctness,41,97817,14.6875,13
1,pre_discovery_smoke,random_strong_preserved,correctness,41,99973,15.25,7
1,pre_discovery_smoke,random_strong_preserved,correctness,42,97817,15.125,8
1,pre_discovery_smoke,random_strong_preserved,correctness,42,99973,15.625,5
1,pre_discovery_smoke,random_strong_preserved,correctness,43,97817,14.9375,5
1,pre_discovery_smoke,random_strong_preserved,correctness,43,99973,14.875,6
1,pre_discovery_smoke,random_strong_preserved,correctness,44,97817,15.25,6
1,pre_discovery_smoke,random_strong_preserved,correctness,44,99973,14.4375,7
1,pre_discovery_smoke,random_strong_preserved,confidence,36,97817,7.90625,210
1,pre_discovery_smoke,random_strong_preserved,confidence,36,99973,10.6875,34
1,pre_discovery_smoke,random_strong_preserved,confidence,37,97817,8.9375,135
1,pre_discovery_smoke,random_strong_preserved,confidence,37,99973,11.625,32
1,pre_discovery_smoke,random_strong_preserved,confidence,38,97817,9.375,120
1,pre_discovery_smoke,random_strong_preserved,confidence,38,99973,12.0625,26
1,pre_discovery_smoke,random_strong_preserved,confidence,39,97817,9.25,105
1,pre_discovery_smoke,random_strong_preserved,confidence,39,99973,11.5625,25
1,pre_discovery_smoke,random_strong_preserved,confidence,40,97817,9.75,92
1,pre_discovery_smoke,random_strong_preserved,confidence,40,99973,12.25,24
1,pre_discovery_smoke,random_strong_preserved,confidence,41,97817,9.75,95
1,pre_discovery_smoke,random_strong_preserved,confidence,41,99973,12.3125,21
1,pre_discovery_smoke,random_strong_preserved,confidence,42,97817,9.8125,84
1,pre_discovery_smoke,random_strong_preserved,confidence,42,99973,12.625,16
1,pre_discovery_smoke,random_strong_preserved,confidence,43,97817,10.1875,46
1,pre_discovery_smoke,random_strong_preserved,confidence,43,99973,12.75,12
1,pre_discovery_smoke,random_strong_preserved,confidence,44,97817,10.5,39
1,pre_discovery_smoke,random_strong_preserved,confidence,44,99973,12.75,13
1,pre_discovery_smoke,support_matched_alternative_preserved,correctness,36,97817,9.375,110
1,pre_discovery_smoke,support_matched_alternative_preserved,correctness,36,99973,9.8125,87
1,pre_discovery_smoke,support_matched_alternative_preserved,correctness,37,97817,10.5625,80
1,pre_discovery_smoke,support_matched_alternative_preserved,correctness,37,99973,11.0,63
1,pre_discovery_smoke,support_matched_alternative_preserved,correctness,38,97817,11.8125,44
1,pre_discovery_smoke,support_matched_alternative_preserved,correctness,38,99973,12.5625,32
1,pre_discovery_smoke,support_matched_alternative_preserved,correctness,39,97817,12.75,30
1,pre_discovery_smoke,support_matched_alternative_preserved,correctness,39,99973,13.4375,16
1,pre_discovery_smoke,support_matched_alternative_preserved,correctness,40,97817,13.0625,28
1,pre_discovery_smoke,support_matched_alternative_preserved,correctness,40,99973,14.0,14
1,pre_discovery_smoke,support_matched_alternative_preserved,correctness,41,97817,14.75,11
1,pre_discovery_smoke,support_matched_alternative_preserved,correctness,41,99973,15.4375,7
1,pre_discovery_smoke,support_matched_alternative_preserved,correctness,42,97817,15.1875,8
1,pre_discovery_smoke,support_matched_alternative_preserved,correctness,42,99973,15.8125,6
1,pre_discovery_smoke,support_matched_alternative_preserved,correctness,43,97817,15.0625,6
1,pre_discovery_smoke,support_matched_alternative_preserved,correctness,43,99973,15.0625,6
1,pre_discovery_smoke,support_matched_alternative_preserved,correctness,44,97817,15.3125,6
1,pre_discovery_smoke,support_matched_alternative_preserved,correctness,44,99973,14.5,8
1,pre_discovery_smoke,support_matched_alternative_preserved,confidence,36,97817,7.9375,214
1,pre_discovery_smoke,support_matched_alternative_preserved,confidence,36,99973,10.6875,35
1,pre_discovery_smoke,support_matched_alternative_preserved,confidence,37,97817,9.0,134
1,pre_discovery_smoke,support_matched_alternative_preserved,confidence,37,99973,11.625,34
1,pre_discovery_smoke,support_matched_alternative_preserved,confidence,38,97817,9.375,123
1,pre_discovery_smoke,support_matched_alternative_preserved,confidence,38,99973,12.0,30
1,pre_discovery_smoke,support_matched_alternative_preserved,confidence,39,97817,9.3125,105
1,pre_discovery_smoke,support_matched_alternative_preserved,confidence,39,99973,11.625,26
1,pre_discovery_smoke,support_matched_alternative_preserved,confidence,40,97817,9.9375,82
1,pre_discovery_smoke,support_matched_alternative_preserved,confidence,40,99973,12.4375,24
1,pre_discovery_smoke,support_matched_alternative_preserved,confidence,41,97817,10.0,78
1,pre_discovery_smoke,support_matched_alternative_preserved,confidence,41,99973,12.5,18
1,pre_discovery_smoke,support_matched_alternative_preserved,confidence,42,97817,10.0625,77
1,pre_discovery_smoke,support_matched_alternative_preserved,confidence,42,99973,12.8125,16
1,pre_discovery_smoke,support_matched_alternative_preserved,confidence,43,97817,10.375,46
1,pre_discovery_smoke,support_matched_alternative_preserved,confidence,43,99973,12.875,11
1,pre_discovery_smoke,support_matched_alternative_preserved,confidence,44,97817,10.4375,43
1,pre_discovery_smoke,support_matched_alternative_preserved,confidence,44,99973,12.75,14
1,pre_discovery_smoke,targeted_strong_reset,correctness,36,97817,9.1875,111
1,pre_discovery_smoke,targeted_strong_reset,correctness,36,99973,9.625,93
1,pre_discovery_smoke,targeted_strong_reset,correctness,37,97817,10.3125,93
1,pre_discovery_smoke,targeted_strong_reset,correctness,37,99973,10.8125,66
1,pre_discovery_smoke,targeted_strong_reset,correctness,38,97817,11.625,44
1,pre_discovery_smoke,targeted_strong_reset,correctness,38,99973,12.3125,34
1,pre_discovery_smoke,targeted_strong_reset,correctness,39,97817,12.5625,32
1,pre_discovery_smoke,targeted_strong_reset,correctness,39,99973,13.1875,20
1,pre_discovery_smoke,targeted_strong_reset,correctness,40,97817,12.875,29
1,pre_discovery_smoke,targeted_strong_reset,correctness,40,99973,13.6875,16
1,pre_discovery_smoke,targeted_strong_reset,correctness,41,97817,14.5625,13
1,pre_discovery_smoke,targeted_strong_reset,correctness,41,99973,15.1875,8
1,pre_discovery_smoke,targeted_strong_reset,correctness,42,97817,15.0625,8
1,pre_discovery_smoke,targeted_strong_reset,correctness,42,99973,15.5625,5
1,pre_discovery_smoke,targeted_strong_reset,correctness,43,97817,15.0,5
1,pre_discovery_smoke,targeted_strong_reset,correctness,43,99973,14.875,6
1,pre_discovery_smoke,targeted_strong_reset,correctness,44,97817,15.3125,6
1,pre_discovery_smoke,targeted_strong_reset,correctness,44,99973,14.5,7
1,pre_discovery_smoke,targeted_strong_reset,confidence,36,97817,7.90625,211
1,pre_discovery_smoke,targeted_strong_reset,confidence,36,99973,10.6875,35
1,pre_discovery_smoke,targeted_strong_reset,confidence,37,97817,8.9375,136
1,pre_discovery_smoke,targeted_strong_reset,confidence,37,99973,11.625,33
1,pre_discovery_smoke,targeted_strong_reset,confidence,38,97817,9.375,117
1,pre_discovery_smoke,targeted_strong_reset,confidence,38,99973,12.0,27
1,pre_discovery_smoke,targeted_strong_reset,confidence,39,97817,9.1875,113
1,pre_discovery_smoke,targeted_strong_reset,confidence,39,99973,11.5,26
1,pre_discovery_smoke,targeted_strong_reset,confidence,40,97817,9.8125,89
1,pre_discovery_smoke,targeted_strong_reset,confidence,40,99973,12.3125,24
1,pre_discovery_smoke,targeted_strong_reset,confidence,41,97817,9.75,96
1,pre_discovery_smoke,targeted_strong_reset,confidence,41,99973,12.3125,21
1,pre_discovery_smoke,targeted_strong_reset,confidence,42,97817,9.875,80
1,pre_discovery_smoke,targeted_strong_reset,confidence,42,99973,12.625,16
1,pre_discovery_smoke,targeted_strong_reset,confidence,43,97817,10.25,45
1,pre_discovery_smoke,targeted_strong_reset,confidence,43,99973,12.75,12
1,pre_discovery_smoke,targeted_strong_reset,confidence,44,97817,10.4375,40
1,pre_discovery_smoke,targeted_strong_reset,confidence,44,99973,12.75,13
1,pre_discovery_smoke,clean_reset,correctness,36,97817,9.1875,111
1,pre_discovery_smoke,clean_reset,correctness,36,99973,9.625,93
1,pre_discovery_smoke,clean_reset,correctness,37,97817,10.3125,93
1,pre_discovery_smoke,clean_reset,correctness,37,99973,10.8125,66
1,pre_discovery_smoke,clean_reset,correctness,38,97817,11.625,44
1,pre_discovery_smoke,clean_reset,correctness,38,99973,12.3125,34
1,pre_discovery_smoke,clean_reset,correctness,39,97817,12.5625,32
1,pre_discovery_smoke,clean_reset,correctness,39,99973,13.1875,20
1,pre_discovery_smoke,clean_reset,correctness,40,97817,12.875,29
1,pre_discovery_smoke,clean_reset,correctness,40,99973,13.6875,16
1,pre_discovery_smoke,clean_reset,correctness,41,97817,14.5625,13
1,pre_discovery_smoke,clean_reset,correctness,41,99973,15.1875,8
1,pre_discovery_smoke,clean_reset,correctness,42,97817,15.0625,8
1,pre_discovery_smoke,clean_reset,correctness,42,99973,15.5625,5
1,pre_discovery_smoke,clean_reset,correctness,43,97817,15.0,5
1,pre_discovery_smoke,clean_reset,correctness,43,99973,14.875,6
1,pre_discovery_smoke,clean_reset,correctness,44,97817,15.3125,6
1,pre_discovery_smoke,clean_reset,correctness,44,99973,14.5,7
1,pre_discovery_smoke,clean_reset,confidence,36,97817,7.90625,211
1,pre_discovery_smoke,clean_reset,confidence,36,99973,10.6875,35
1,pre_discovery_smoke,clean_reset,confidence,37,97817,8.9375,136
1,pre_discovery_smoke,clean_reset,confidence,37,99973,11.625,33
1,pre_discovery_smoke,clean_reset,confidence,38,97817,9.375,117
1,pre_discovery_smoke,clean_reset,confidence,38,99973,12.0,27
1,pre_discovery_smoke,clean_reset,confidence,39,97817,9.1875,113
1,pre_discovery_smoke,clean_reset,confidence,39,99973,11.5,26
1,pre_discovery_smoke,clean_reset,confidence,40,97817,9.8125,89
1,pre_discovery_smoke,clean_reset,confidence,40,99973,12.3125,24
1,pre_discovery_smoke,clean_reset,confidence,41,97817,9.75,96
1,pre_discovery_smoke,clean_reset,confidence,41,99973,12.3125,21
1,pre_discovery_smoke,clean_reset,confidence,42,97817,9.875,80
1,pre_discovery_smoke,clean_reset,confidence,42,99973,12.625,16
1,pre_discovery_smoke,clean_reset,confidence,43,97817,10.25,45
1,pre_discovery_smoke,clean_reset,confidence,43,99973,12.75,12
1,pre_discovery_smoke,clean_reset,confidence,44,97817,10.4375,40
1,pre_discovery_smoke,clean_reset,confidence,44,99973,12.75,13
14,pre_discovery_smoke,clean_preserved,correctness,36,97817,9.1875,110
14,pre_discovery_smoke,clean_preserved,correctness,36,99973,9.75,85
14,pre_discovery_smoke,clean_preserved,correctness,37,97817,10.375,86
14,pre_discovery_smoke,clean_preserved,correctness,37,99973,11.0,60
14,pre_discovery_smoke,clean_preserved,correctness,38,97817,11.75,46
14,pre_discovery_smoke,clean_preserved,correctness,38,99973,12.6875,31
14,pre_discovery_smoke,clean_preserved,correctness,39,97817,12.875,30
14,pre_discovery_smoke,clean_preserved,correctness,39,99973,13.625,15
14,pre_discovery_smoke,clean_preserved,correctness,40,97817,13.1875,28
14,pre_discovery_smoke,clean_preserved,correctness,40,99973,14.0625,14
14,pre_discovery_smoke,clean_preserved,correctness,41,97817,14.875,12
14,pre_discovery_smoke,clean_preserved,correctness,41,99973,15.5,7
14,pre_discovery_smoke,clean_preserved,correctness,42,97817,15.1875,8
14,pre_discovery_smoke,clean_preserved,correctness,42,99973,15.8125,4
14,pre_discovery_smoke,clean_preserved,correctness,43,97817,15.0625,5
14,pre_discovery_smoke,clean_preserved,correctness,43,99973,15.0625,5
14,pre_discovery_smoke,clean_preserved,correctness,44,97817,15.125,6
14,pre_discovery_smoke,clean_preserved,correctness,44,99973,14.5,7
14,pre_discovery_smoke,clean_preserved,confidence,36,97817,7.90625,197
14,pre_discovery_smoke,clean_preserved,confidence,36,99973,10.8125,27
14,pre_discovery_smoke,clean_preserved,confidence,37,97817,8.9375,136
14,pre_discovery_smoke,clean_preserved,confidence,37,99973,11.6875,32
14,pre_discovery_smoke,clean_preserved,confidence,38,97817,9.375,115
14,pre_discovery_smoke,clean_preserved,confidence,38,99973,12.125,26
14,pre_discovery_smoke,clean_preserved,confidence,39,97817,9.25,100
14,pre_discovery_smoke,clean_preserved,confidence,39,99973,11.625,23
14,pre_discovery_smoke,clean_preserved,confidence,40,97817,9.75,86
14,pre_discovery_smoke,clean_preserved,confidence,40,99973,12.3125,22
14,pre_discovery_smoke,clean_preserved,confidence,41,97817,9.75,87
14,pre_discovery_smoke,clean_preserved,confidence,41,99973,12.3125,23
14,pre_discovery_smoke,clean_preserved,confidence,42,97817,9.875,78
14,pre_discovery_smoke,clean_preserved,confidence,42,99973,12.625,17
14,pre_discovery_smoke,clean_preserved,confidence,43,97817,10.25,43
14,pre_discovery_smoke,clean_preserved,confidence,43,99973,12.6875,13
14,pre_discovery_smoke,clean_preserved,confidence,44,97817,10.5,38
14,pre_discovery_smoke,clean_preserved,confidence,44,99973,12.6875,13
14,pre_discovery_smoke,targeted_strong_preserved,correctness,36,97817,9.1875,106
14,pre_discovery_smoke,targeted_strong_preserved,correctness,36,99973,9.75,83
14,pre_discovery_smoke,targeted_strong_preserved,correctness,37,97817,10.375,86
14,pre_discovery_smoke,targeted_strong_preserved,correctness,37,99973,11.0,58
14,pre_discovery_smoke,targeted_strong_preserved,correctness,38,97817,11.75,45
14,pre_discovery_smoke,targeted_strong_preserved,correctness,38,99973,12.6875,31
14,pre_discovery_smoke,targeted_strong_preserved,correctness,39,97817,12.875,27
14,pre_discovery_smoke,targeted_strong_preserved,correctness,39,99973,13.6875,15
14,pre_discovery_smoke,targeted_strong_preserved,correctness,40,97817,13.25,28
14,pre_discovery_smoke,targeted_strong_preserved,correctness,40,99973,14.125,13
14,pre_discovery_smoke,targeted_strong_preserved,correctness,41,97817,14.9375,14
14,pre_discovery_smoke,targeted_strong_preserved,correctness,41,99973,15.5,7
14,pre_discovery_smoke,targeted_strong_preserved,correctness,42,97817,15.25,8
14,pre_discovery_smoke,targeted_strong_preserved,correctness,42,99973,15.875,5
14,pre_discovery_smoke,targeted_strong_preserved,correctness,43,97817,15.0625,5
14,pre_discovery_smoke,targeted_strong_preserved,correctness,43,99973,15.0625,5
14,pre_discovery_smoke,targeted_strong_preserved,correctness,44,97817,15.0625,6
14,pre_discovery_smoke,targeted_strong_preserved,correctness,44,99973,14.5,8
14,pre_discovery_smoke,targeted_strong_preserved,confidence,36,97817,7.875,203
14,pre_discovery_smoke,targeted_strong_preserved,confidence,36,99973,10.8125,27
14,pre_discovery_smoke,targeted_strong_preserved,confidence,37,97817,8.9375,134
14,pre_discovery_smoke,targeted_strong_preserved,confidence,37,99973,11.6875,31
14,pre_discovery_smoke,targeted_strong_preserved,confidence,38,97817,9.375,119
14,pre_discovery_smoke,targeted_strong_preserved,confidence,38,99973,12.0625,26
14,pre_discovery_smoke,targeted_strong_preserved,confidence,39,97817,9.3125,97
14,pre_discovery_smoke,targeted_strong_preserved,confidence,39,99973,11.625,21
14,pre_discovery_smoke,targeted_strong_preserved,confidence,40,97817,9.75,87
14,pre_discovery_smoke,targeted_strong_preserved,confidence,40,99973,12.3125,22
14,pre_discovery_smoke,targeted_strong_preserved,confidence,41,97817,9.75,92
14,pre_discovery_smoke,targeted_strong_preserved,confidence,41,99973,12.3125,22
14,pre_discovery_smoke,targeted_strong_preserved,confidence,42,97817,9.875,79
14,pre_discovery_smoke,targeted_strong_preserved,confidence,42,99973,12.625,17
14,pre_discovery_smoke,targeted_strong_preserved,confidence,43,97817,10.1875,44
14,pre_discovery_smoke,targeted_strong_preserved,confidence,43,99973,12.6875,13
14,pre_discovery_smoke,targeted_strong_preserved,confidence,44,97817,10.4375,42
14,pre_discovery_smoke,targeted_strong_preserved,confidence,44,99973,12.625,13
14,pre_discovery_smoke,random_strong_preserved,correctness,36,97817,9.1875,110
14,pre_discovery_smoke,random_strong_preserved,correctness,36,99973,9.75,85
14,pre_discovery_smoke,random_strong_preserved,correctness,37,97817,10.375,87
14,pre_discovery_smoke,random_strong_preserved,correctness,37,99973,10.9375,63
14,pre_discovery_smoke,random_strong_preserved,correctness,38,97817,11.75,47
14,pre_discovery_smoke,random_strong_preserved,correctness,38,99973,12.6875,31
14,pre_discovery_smoke,random_strong_preserved,correctness,39,97817,12.8125,30
14,pre_discovery_smoke,random_strong_preserved,correctness,39,99973,13.5625,15
14,pre_discovery_smoke,random_strong_preserved,correctness,40,97817,13.125,28
14,pre_discovery_smoke,random_strong_preserved,correctness,40,99973,14.0,16
14,pre_discovery_smoke,random_strong_preserved,correctness,41,97817,14.8125,14
14,pre_discovery_smoke,random_strong_preserved,correctness,41,99973,15.4375,7
14,pre_discovery_smoke,random_strong_preserved,correctness,42,97817,15.125,8
14,pre_discovery_smoke,random_strong_preserved,correctness,42,99973,15.75,5
14,pre_discovery_smoke,random_strong_preserved,correctness,43,97817,15.0,5
14,pre_discovery_smoke,random_strong_preserved,correctness,43,99973,14.9375,6
14,pre_discovery_smoke,random_strong_preserved,correctness,44,97817,15.0625,6
14,pre_discovery_smoke,random_strong_preserved,correctness,44,99973,14.4375,7
14,pre_discovery_smoke,random_strong_preserved,confidence,36,97817,7.875,203
14,pre_discovery_smoke,random_strong_preserved,confidence,36,99973,10.8125,27
14,pre_discovery_smoke,random_strong_preserved,confidence,37,97817,8.9375,135
14,pre_discovery_smoke,random_strong_preserved,confidence,37,99973,11.6875,32
14,pre_discovery_smoke,random_strong_preserved,confidence,38,97817,9.3125,121
14,pre_discovery_smoke,random_strong_preserved,confidence,38,99973,12.0625,26
14,pre_discovery_smoke,random_strong_preserved,confidence,39,97817,9.25,101
14,pre_discovery_smoke,random_strong_preserved,confidence,39,99973,11.625,23
14,pre_discovery_smoke,random_strong_preserved,confidence,40,97817,9.75,88
14,pre_discovery_smoke,random_strong_preserved,confidence,40,99973,12.25,23
14,pre_discovery_smoke,random_strong_preserved,confidence,41,97817,9.75,88
14,pre_discovery_smoke,random_strong_preserved,confidence,41,99973,12.25,23
14,pre_discovery_smoke,random_strong_preserved,confidence,42,97817,9.875,78
14,pre_discovery_smoke,random_strong_preserved,confidence,42,99973,12.625,16
14,pre_discovery_smoke,random_strong_preserved,confidence,43,97817,10.25,43
14,pre_discovery_smoke,random_strong_preserved,confidence,43,99973,12.6875,12
14,pre_discovery_smoke,random_strong_preserved,confidence,44,97817,10.5,39
14,pre_discovery_smoke,random_strong_preserved,confidence,44,99973,12.625,13
14,pre_discovery_smoke,support_matched_alternative_preserved,correctness,36,97817,9.4375,98
14,pre_discovery_smoke,support_matched_alternative_preserved,correctness,36,99973,10.0,78
14,pre_discovery_smoke,support_matched_alternative_preserved,correctness,37,97817,10.625,81
14,pre_discovery_smoke,support_matched_alternative_preserved,correctness,37,99973,11.25,53
14,pre_discovery_smoke,support_matched_alternative_preserved,correctness,38,97817,12.0625,42
14,pre_discovery_smoke,support_matched_alternative_preserved,correctness,38,99973,13.0,29
14,pre_discovery_smoke,support_matched_alternative_preserved,correctness,39,97817,13.0,27
14,pre_discovery_smoke,support_matched_alternative_preserved,correctness,39,99973,13.8125,15
14,pre_discovery_smoke,support_matched_alternative_preserved,correctness,40,97817,13.3125,26
14,pre_discovery_smoke,support_matched_alternative_preserved,correctness,40,99973,14.3125,14
14,pre_discovery_smoke,support_matched_alternative_preserved,correctness,41,97817,14.8125,14
14,pre_discovery_smoke,support_matched_alternative_preserved,correctness,41,99973,15.5625,6
14,pre_discovery_smoke,support_matched_alternative_preserved,correctness,42,97817,15.0625,7
14,pre_discovery_smoke,support_matched_alternative_preserved,correctness,42,99973,15.875,4
14,pre_discovery_smoke,support_matched_alternative_preserved,correctness,43,97817,14.8125,6
14,pre_discovery_smoke,support_matched_alternative_preserved,correctness,43,99973,14.9375,5
14,pre_discovery_smoke,support_matched_alternative_preserved,correctness,44,97817,15.0,6
14,pre_discovery_smoke,support_matched_alternative_preserved,correctness,44,99973,14.375,8
14,pre_discovery_smoke,support_matched_alternative_preserved,confidence,36,97817,8.125,179
14,pre_discovery_smoke,support_matched_alternative_preserved,confidence,36,99973,11.0,24
14,pre_discovery_smoke,support_matched_alternative_preserved,confidence,37,97817,9.1875,109
14,pre_discovery_smoke,support_matched_alternative_preserved,confidence,37,99973,11.875,29
14,pre_discovery_smoke,support_matched_alternative_preserved,confidence,38,97817,9.4375,117
14,pre_discovery_smoke,support_matched_alternative_preserved,confidence,38,99973,12.1875,24
14,pre_discovery_smoke,support_matched_alternative_preserved,confidence,39,97817,9.375,90
14,pre_discovery_smoke,support_matched_alternative_preserved,confidence,39,99973,11.6875,19
14,pre_discovery_smoke,support_matched_alternative_preserved,confidence,40,97817,9.875,79
14,pre_discovery_smoke,support_matched_alternative_preserved,confidence,40,99973,12.4375,22
14,pre_discovery_smoke,support_matched_alternative_preserved,confidence,41,97817,9.8125,86
14,pre_discovery_smoke,support_matched_alternative_preserved,confidence,41,99973,12.375,21
14,pre_discovery_smoke,support_matched_alternative_preserved,confidence,42,97817,10.0625,67
14,pre_discovery_smoke,support_matched_alternative_preserved,confidence,42,99973,12.75,14
14,pre_discovery_smoke,support_matched_alternative_preserved,confidence,43,97817,10.375,40
14,pre_discovery_smoke,support_matched_alternative_preserved,confidence,43,99973,12.75,12
14,pre_discovery_smoke,support_matched_alternative_preserved,confidence,44,97817,10.5625,37
14,pre_discovery_smoke,support_matched_alternative_preserved,confidence,44,99973,12.6875,13
14,pre_discovery_smoke,targeted_strong_reset,correctness,36,97817,9.1875,110
14,pre_discovery_smoke,targeted_strong_reset,correctness,36,99973,9.75,85
14,pre_discovery_smoke,targeted_strong_reset,correctness,37,97817,10.375,86
14,pre_discovery_smoke,targeted_strong_reset,correctness,37,99973,11.0,60
14,pre_discovery_smoke,targeted_strong_reset,correctness,38,97817,11.75,46
14,pre_discovery_smoke,targeted_strong_reset,correctness,38,99973,12.6875,31
14,pre_discovery_smoke,targeted_strong_reset,correctness,39,97817,12.875,30
14,pre_discovery_smoke,targeted_strong_reset,correctness,39,99973,13.625,15
14,pre_discovery_smoke,targeted_strong_reset,correctness,40,97817,13.1875,28
14,pre_discovery_smoke,targeted_strong_reset,correctness,40,99973,14.0625,14
14,pre_discovery_smoke,targeted_strong_reset,correctness,41,97817,14.875,12
14,pre_discovery_smoke,targeted_strong_reset,correctness,41,99973,15.5,7
14,pre_discovery_smoke,targeted_strong_reset,correctness,42,97817,15.1875,8
14,pre_discovery_smoke,targeted_strong_reset,correctness,42,99973,15.8125,4
14,pre_discovery_smoke,targeted_strong_reset,correctness,43,97817,15.0625,5
14,pre_discovery_smoke,targeted_strong_reset,correctness,43,99973,15.0625,5
14,pre_discovery_smoke,targeted_strong_reset,correctness,44,97817,15.125,6
14,pre_discovery_smoke,targeted_strong_reset,correctness,44,99973,14.5,7
14,pre_discovery_smoke,targeted_strong_reset,confidence,36,97817,7.90625,197
14,pre_discovery_smoke,targeted_strong_reset,confidence,36,99973,10.8125,27
14,pre_discovery_smoke,targeted_strong_reset,confidence,37,97817,8.9375,136
14,pre_discovery_smoke,targeted_strong_reset,confidence,37,99973,11.6875,32
14,pre_discovery_smoke,targeted_strong_reset,confidence,38,97817,9.375,115
14,pre_discovery_smoke,targeted_strong_reset,confidence,38,99973,12.125,26
14,pre_discovery_smoke,targeted_strong_reset,confidence,39,97817,9.25,100
14,pre_discovery_smoke,targeted_strong_reset,confidence,39,99973,11.625,23
14,pre_discovery_smoke,targeted_strong_reset,confidence,40,97817,9.75,86
14,pre_discovery_smoke,targeted_strong_reset,confidence,40,99973,12.3125,22
14,pre_discovery_smoke,targeted_strong_reset,confidence,41,97817,9.75,87
14,pre_discovery_smoke,targeted_strong_reset,confidence,41,99973,12.3125,23
14,pre_discovery_smoke,targeted_strong_reset,confidence,42,97817,9.875,78
14,pre_discovery_smoke,targeted_strong_reset,confidence,42,99973,12.625,17
14,pre_discovery_smoke,targeted_strong_reset,confidence,43,97817,10.25,43
14,pre_discovery_smoke,targeted_strong_reset,confidence,43,99973,12.6875,13
14,pre_discovery_smoke,targeted_strong_reset,confidence,44,97817,10.5,38
14,pre_discovery_smoke,targeted_strong_reset,confidence,44,99973,12.6875,13
14,pre_discovery_smoke,clean_reset,correctness,36,97817,9.1875,110
14,pre_discovery_smoke,clean_reset,correctness,36,99973,9.75,85
14,pre_discovery_smoke,clean_reset,correctness,37,97817,10.375,86
14,pre_discovery_smoke,clean_reset,correctness,37,99973,11.0,60
14,pre_discovery_smoke,clean_reset,correctness,38,97817,11.75,46
14,pre_discovery_smoke,clean_reset,correctness,38,99973,12.6875,31
14,pre_discovery_smoke,clean_reset,correctness,39,97817,12.875,30
14,pre_discovery_smoke,clean_reset,correctness,39,99973,13.625,15
14,pre_discovery_smoke,clean_reset,correctness,40,97817,13.1875,28
14,pre_discovery_smoke,clean_reset,correctness,40,99973,14.0625,14
14,pre_discovery_smoke,clean_reset,correctness,41,97817,14.875,12
14,pre_discovery_smoke,clean_reset,correctness,41,99973,15.5,7
14,pre_discovery_smoke,clean_reset,correctness,42,97817,15.1875,8
14,pre_discovery_smoke,clean_reset,correctness,42,99973,15.8125,4
14,pre_discovery_smoke,clean_reset,correctness,43,97817,15.0625,5
14,pre_discovery_smoke,clean_reset,correctness,43,99973,15.0625,5
14,pre_discovery_smoke,clean_reset,correctness,44,97817,15.125,6
14,pre_discovery_smoke,clean_reset,correctness,44,99973,14.5,7
14,pre_discovery_smoke,clean_reset,confidence,36,97817,7.90625,197
14,pre_discovery_smoke,clean_reset,confidence,36,99973,10.8125,27
14,pre_discovery_smoke,clean_reset,confidence,37,97817,8.9375,136
14,pre_discovery_smoke,clean_reset,confidence,37,99973,11.6875,32
14,pre_discovery_smoke,clean_reset,confidence,38,97817,9.375,115
14,pre_discovery_smoke,clean_reset,confidence,38,99973,12.125,26
14,pre_discovery_smoke,clean_reset,confidence,39,97817,9.25,100
14,pre_discovery_smoke,clean_reset,confidence,39,99973,11.625,23
14,pre_discovery_smoke,clean_reset,confidence,40,97817,9.75,86
14,pre_discovery_smoke,clean_reset,confidence,40,99973,12.3125,22
14,pre_discovery_smoke,clean_reset,confidence,41,97817,9.75,87
14,pre_discovery_smoke,clean_reset,confidence,41,99973,12.3125,23
14,pre_discovery_smoke,clean_reset,confidence,42,97817,9.875,78
14,pre_discovery_smoke,clean_reset,confidence,42,99973,12.625,17
14,pre_discovery_smoke,clean_reset,confidence,43,97817,10.25,43
14,pre_discovery_smoke,clean_reset,confidence,43,99973,12.6875,13
14,pre_discovery_smoke,clean_reset,confidence,44,97817,10.5,38
14,pre_discovery_smoke,clean_reset,confidence,44,99973,12.6875,13
15,pre_discovery_smoke,clean_preserved,correctness,36,97817,8.75,165
15,pre_discovery_smoke,clean_preserved,correctness,36,99973,9.3125,108
15,pre_discovery_smoke,clean_preserved,correctness,37,97817,9.6875,130
15,pre_discovery_smoke,clean_preserved,correctness,37,99973,10.3125,93
15,pre_discovery_smoke,clean_preserved,correctness,38,97817,11.0,63
15,pre_discovery_smoke,clean_preserved,correctness,38,99973,11.875,38
15,pre_discovery_smoke,clean_preserved,correctness,39,97817,11.9375,36
15,pre_discovery_smoke,clean_preserved,correctness,39,99973,12.625,25
15,pre_discovery_smoke,clean_preserved,correctness,40,97817,12.3125,37
15,pre_discovery_smoke,clean_preserved,correctness,40,99973,13.0625,22
15,pre_discovery_smoke,clean_preserved,correctness,41,97817,13.9375,16
15,pre_discovery_smoke,clean_preserved,correctness,41,99973,14.5,13
15,pre_discovery_smoke,clean_preserved,correctness,42,97817,14.5,9
15,pre_discovery_smoke,clean_preserved,correctness,42,99973,15.0625,8
15,pre_discovery_smoke,clean_preserved,correctness,43,97817,14.8125,7
15,pre_discovery_smoke,clean_preserved,correctness,43,99973,14.5625,8
15,pre_discovery_smoke,clean_preserved,correctness,44,97817,15.375,7
15,pre_discovery_smoke,clean_preserved,correctness,44,99973,14.5625,9
15,pre_discovery_smoke,clean_preserved,confidence,36,97817,7.5,263
15,pre_discovery_smoke,clean_preserved,confidence,36,99973,10.375,41
15,pre_discovery_smoke,clean_preserved,confidence,37,97817,8.75,147
15,pre_discovery_smoke,clean_preserved,confidence,37,99973,11.4375,34
15,pre_discovery_smoke,clean_preserved,confidence,38,97817,9.25,115
15,pre_discovery_smoke,clean_preserved,confidence,38,99973,12.0,29
15,pre_discovery_smoke,clean_preserved,confidence,39,97817,9.125,111
15,pre_discovery_smoke,clean_preserved,confidence,39,99973,11.5625,26
15,pre_discovery_smoke,clean_preserved,confidence,40,97817,9.5625,110
15,pre_discovery_smoke,clean_preserved,confidence,40,99973,12.1875,25
15,pre_discovery_smoke,clean_preserved,confidence,41,97817,9.6875,104
15,pre_discovery_smoke,clean_preserved,confidence,41,99973,12.4375,23
15,pre_discovery_smoke,clean_preserved,confidence,42,97817,10.0,76
15,pre_discovery_smoke,clean_preserved,confidence,42,99973,12.9375,15
15,pre_discovery_smoke,clean_preserved,confidence,43,97817,10.1875,45
15,pre_discovery_smoke,clean_preserved,confidence,43,99973,12.875,11
15,pre_discovery_smoke,clean_preserved,confidence,44,97817,10.5,43
15,pre_discovery_smoke,clean_preserved,confidence,44,99973,12.9375,13
15,pre_discovery_smoke,targeted_strong_preserved,correctness,36,97817,8.6875,169
15,pre_discovery_smoke,targeted_strong_preserved,correctness,36,99973,9.25,112
15,pre_discovery_smoke,targeted_strong_preserved,correctness,37,97817,9.6875,133
15,pre_discovery_smoke,targeted_strong_preserved,correctness,37,99973,10.3125,92
15,pre_discovery_smoke,targeted_strong_preserved,correctness,38,97817,11.0625,59
15,pre_discovery_smoke,targeted_strong_preserved,correctness,38,99973,11.875,38
15,pre_discovery_smoke,targeted_strong_preserved,correctness,39,97817,12.0,35
15,pre_discovery_smoke,targeted_strong_preserved,correctness,39,99973,12.6875,24
15,pre_discovery_smoke,targeted_strong_preserved,correctness,40,97817,12.375,36
15,pre_discovery_smoke,targeted_strong_preserved,correctness,40,99973,13.0625,22
15,pre_discovery_smoke,targeted_strong_preserved,correctness,41,97817,14.0625,15
15,pre_discovery_smoke,targeted_strong_preserved,correctness,41,99973,14.5625,13
15,pre_discovery_smoke,targeted_strong_preserved,correctness,42,97817,14.6875,9
15,pre_discovery_smoke,targeted_strong_preserved,correctness,42,99973,15.1875,8
15,pre_discovery_smoke,targeted_strong_preserved,correctness,43,97817,14.9375,7
15,pre_discovery_smoke,targeted_strong_preserved,correctness,43,99973,14.625,8
15,pre_discovery_smoke,targeted_strong_preserved,correctness,44,97817,15.4375,7
15,pre_discovery_smoke,targeted_strong_preserved,correctness,44,99973,14.5625,8
15,pre_discovery_smoke,targeted_strong_preserved,confidence,36,97817,7.4375,280
15,pre_discovery_smoke,targeted_strong_preserved,confidence,36,99973,10.3125,44
15,pre_discovery_smoke,targeted_strong_preserved,confidence,37,97817,8.6875,152
15,pre_discovery_smoke,targeted_strong_preserved,confidence,37,99973,11.375,36
15,pre_discovery_smoke,targeted_strong_preserved,confidence,38,97817,9.1875,124
15,pre_discovery_smoke,targeted_strong_preserved,confidence,38,99973,11.9375,30
15,pre_discovery_smoke,targeted_strong_preserved,confidence,39,97817,9.125,112
15,pre_discovery_smoke,targeted_strong_preserved,confidence,39,99973,11.5625,25
15,pre_discovery_smoke,targeted_strong_preserved,confidence,40,97817,9.5,114
15,pre_discovery_smoke,targeted_strong_preserved,confidence,40,99973,12.1875,25
15,pre_discovery_smoke,targeted_strong_preserved,confidence,41,97817,9.625,109
15,pre_discovery_smoke,targeted_strong_preserved,confidence,41,99973,12.4375,23
15,pre_discovery_smoke,targeted_strong_preserved,confidence,42,97817,9.875,86
15,pre_discovery_smoke,targeted_strong_preserved,confidence,42,99973,12.875,15
15,pre_discovery_smoke,targeted_strong_preserved,confidence,43,97817,10.0625,53
15,pre_discovery_smoke,targeted_strong_preserved,confidence,43,99973,12.8125,11
15,pre_discovery_smoke,targeted_strong_preserved,confidence,44,97817,10.3125,49
15,pre_discovery_smoke,targeted_strong_preserved,confidence,44,99973,12.75,13
15,pre_discovery_smoke,random_strong_preserved,correctness,36,97817,8.75,167
15,pre_discovery_smoke,random_strong_preserved,correctness,36,99973,9.3125,109
15,pre_discovery_smoke,random_strong_preserved,correctness,37,97817,9.6875,132
15,pre_discovery_smoke,random_strong_preserved,correctness,37,99973,10.3125,94
15,pre_discovery_smoke,random_strong_preserved,correctness,38,97817,11.0,64
15,pre_discovery_smoke,random_strong_preserved,correctness,38,99973,11.875,38
15,pre_discovery_smoke,random_strong_preserved,correctness,39,97817,11.9375,36
15,pre_discovery_smoke,random_strong_preserved,correctness,39,99973,12.625,25
15,pre_discovery_smoke,random_strong_preserved,correctness,40,97817,12.3125,37
15,pre_discovery_smoke,random_strong_preserved,correctness,40,99973,13.0625,22
15,pre_discovery_smoke,random_strong_preserved,correctness,41,97817,14.0,16
15,pre_discovery_smoke,random_strong_preserved,correctness,41,99973,14.5,13
15,pre_discovery_smoke,random_strong_preserved,correctness,42,97817,14.5625,9
15,pre_discovery_smoke,random_strong_preserved,correctness,42,99973,15.125,8
15,pre_discovery_smoke,random_strong_preserved,correctness,43,97817,14.8125,7
15,pre_discovery_smoke,random_strong_preserved,correctness,43,99973,14.625,8
15,pre_discovery_smoke,random_strong_preserved,correctness,44,97817,15.4375,7
15,pre_discovery_smoke,random_strong_preserved,correctness,44,99973,14.625,9
15,pre_discovery_smoke,random_strong_preserved,confidence,36,97817,7.53125,261
15,pre_discovery_smoke,random_strong_preserved,confidence,36,99973,10.375,41
15,pre_discovery_smoke,random_strong_preserved,confidence,37,97817,8.75,150
15,pre_discovery_smoke,random_strong_preserved,confidence,37,99973,11.5,32
15,pre_discovery_smoke,random_strong_preserved,confidence,38,97817,9.25,118
15,pre_discovery_smoke,random_strong_preserved,confidence,38,99973,12.0,29
15,pre_discovery_smoke,random_strong_preserved,confidence,39,97817,9.1875,108
15,pre_discovery_smoke,random_strong_preserved,confidence,39,99973,11.5625,26
15,pre_discovery_smoke,random_strong_preserved,confidence,40,97817,9.625,108
15,pre_discovery_smoke,random_strong_preserved,confidence,40,99973,12.25,25
15,pre_discovery_smoke,random_strong_preserved,confidence,41,97817,9.6875,104
15,pre_discovery_smoke,random_strong_preserved,confidence,41,99973,12.4375,23
15,pre_discovery_smoke,random_strong_preserved,confidence,42,97817,10.0,78
15,pre_discovery_smoke,random_strong_preserved,confidence,42,99973,12.9375,15
15,pre_discovery_smoke,random_strong_preserved,confidence,43,97817,10.25,45
15,pre_discovery_smoke,random_strong_preserved,confidence,43,99973,12.9375,11
15,pre_discovery_smoke,random_strong_preserved,confidence,44,97817,10.5,42
15,pre_discovery_smoke,random_strong_preserved,confidence,44,99973,12.9375,13
15,pre_discovery_smoke,support_matched_alternative_preserved,correctness,36,97817,8.8125,158
15,pre_discovery_smoke,support_matched_alternative_preserved,correctness,36,99973,9.375,105
15,pre_discovery_smoke,support_matched_alternative_preserved,correctness,37,97817,9.75,130
15,pre_discovery_smoke,support_matched_alternative_preserved,correctness,37,99973,10.375,91
15,pre_discovery_smoke,support_matched_alternative_preserved,correctness,38,97817,11.0625,62
15,pre_discovery_smoke,support_matched_alternative_preserved,correctness,38,99973,11.9375,37
15,pre_discovery_smoke,support_matched_alternative_preserved,correctness,39,97817,12.0625,37
15,pre_discovery_smoke,support_matched_alternative_preserved,correctness,39,99973,12.75,26
15,pre_discovery_smoke,support_matched_alternative_preserved,correctness,40,97817,12.375,38
15,pre_discovery_smoke,support_matched_alternative_preserved,correctness,40,99973,13.0625,24
15,pre_discovery_smoke,support_matched_alternative_preserved,correctness,41,97817,14.1875,17
15,pre_discovery_smoke,support_matched_alternative_preserved,correctness,41,99973,14.8125,10
15,pre_discovery_smoke,support_matched_alternative_preserved,correctness,42,97817,14.75,10
15,pre_discovery_smoke,support_matched_alternative_preserved,correctness,42,99973,15.375,8
15,pre_discovery_smoke,support_matched_alternative_preserved,correctness,43,97817,14.9375,7
15,pre_discovery_smoke,support_matched_alternative_preserved,correctness,43,99973,14.75,8
15,pre_discovery_smoke,support_matched_alternative_preserved,correctness,44,97817,15.4375,7
15,pre_discovery_smoke,support_matched_alternative_preserved,correctness,44,99973,14.6875,8
15,pre_discovery_smoke,support_matched_alternative_preserved,confidence,36,97817,7.65625,252
15,pre_discovery_smoke,support_matched_alternative_preserved,confidence,36,99973,10.5,38
15,pre_discovery_smoke,support_matched_alternative_preserved,confidence,37,97817,8.875,144
15,pre_discovery_smoke,support_matched_alternative_preserved,confidence,37,99973,11.5625,31
15,pre_discovery_smoke,support_matched_alternative_preserved,confidence,38,97817,9.4375,113
15,pre_discovery_smoke,support_matched_alternative_preserved,confidence,38,99973,12.0625,28
15,pre_discovery_smoke,support_matched_alternative_preserved,confidence,39,97817,9.375,99
15,pre_discovery_smoke,support_matched_alternative_preserved,confidence,39,99973,11.75,26
15,pre_discovery_smoke,support_matched_alternative_preserved,confidence,40,97817,9.6875,102
15,pre_discovery_smoke,support_matched_alternative_preserved,confidence,40,99973,12.375,25
15,pre_discovery_smoke,support_matched_alternative_preserved,confidence,41,97817,9.8125,92
15,pre_discovery_smoke,support_matched_alternative_preserved,confidence,41,99973,12.5625,23
15,pre_discovery_smoke,support_matched_alternative_preserved,confidence,42,97817,10.0625,73
15,pre_discovery_smoke,support_matched_alternative_preserved,confidence,42,99973,13.0625,17
15,pre_discovery_smoke,support_matched_alternative_preserved,confidence,43,97817,10.1875,47
15,pre_discovery_smoke,support_matched_alternative_preserved,confidence,43,99973,12.9375,11
15,pre_discovery_smoke,support_matched_alternative_preserved,confidence,44,97817,10.3125,52
15,pre_discovery_smoke,support_matched_alternative_preserved,confidence,44,99973,12.75,13
15,pre_discovery_smoke,targeted_strong_reset,correctness,36,97817,8.75,165
15,pre_discovery_smoke,targeted_strong_reset,correctness,36,99973,9.3125,108
15,pre_discovery_smoke,targeted_strong_reset,correctness,37,97817,9.6875,130
15,pre_discovery_smoke,targeted_strong_reset,correctness,37,99973,10.3125,93
15,pre_discovery_smoke,targeted_strong_reset,correctness,38,97817,11.0,63
15,pre_discovery_smoke,targeted_strong_reset,correctness,38,99973,11.875,38
15,pre_discovery_smoke,targeted_strong_reset,correctness,39,97817,11.9375,36
15,pre_discovery_smoke,targeted_strong_reset,correctness,39,99973,12.625,25
15,pre_discovery_smoke,targeted_strong_reset,correctness,40,97817,12.3125,37
15,pre_discovery_smoke,targeted_strong_reset,correctness,40,99973,13.0625,22
15,pre_discovery_smoke,targeted_strong_reset,correctness,41,97817,13.9375,16
15,pre_discovery_smoke,targeted_strong_reset,correctness,41,99973,14.5,13
15,pre_discovery_smoke,targeted_strong_reset,correctness,42,97817,14.5,9
15,pre_discovery_smoke,targeted_strong_reset,correctness,42,99973,15.0625,8
15,pre_discovery_smoke,targeted_strong_reset,correctness,43,97817,14.8125,7
15,pre_discovery_smoke,targeted_strong_reset,correctness,43,99973,14.5625,8
15,pre_discovery_smoke,targeted_strong_reset,correctness,44,97817,15.375,7
15,pre_discovery_smoke,targeted_strong_reset,correctness,44,99973,14.5625,9
15,pre_discovery_smoke,targeted_strong_reset,confidence,36,97817,7.5,263
15,pre_discovery_smoke,targeted_strong_reset,confidence,36,99973,10.375,41
15,pre_discovery_smoke,targeted_strong_reset,confidence,37,97817,8.75,147
15,pre_discovery_smoke,targeted_strong_reset,confidence,37,99973,11.4375,34
15,pre_discovery_smoke,targeted_strong_reset,confidence,38,97817,9.25,115
15,pre_discovery_smoke,targeted_strong_reset,confidence,38,99973,12.0,29
15,pre_discovery_smoke,targeted_strong_reset,confidence,39,97817,9.125,111
15,pre_discovery_smoke,targeted_strong_reset,confidence,39,99973,11.5625,26
15,pre_discovery_smoke,targeted_strong_reset,confidence,40,97817,9.5625,110
15,pre_discovery_smoke,targeted_strong_reset,confidence,40,99973,12.1875,25
15,pre_discovery_smoke,targeted_strong_reset,confidence,41,97817,9.6875,104
15,pre_discovery_smoke,targeted_strong_reset,confidence,41,99973,12.4375,23
15,pre_discovery_smoke,targeted_strong_reset,confidence,42,97817,10.0,76
15,pre_discovery_smoke,targeted_strong_reset,confidence,42,99973,12.9375,15
15,pre_discovery_smoke,targeted_strong_reset,confidence,43,97817,10.1875,45
15,pre_discovery_smoke,targeted_strong_reset,confidence,43,99973,12.875,11
15,pre_discovery_smoke,targeted_strong_reset,confidence,44,97817,10.5,43
15,pre_discovery_smoke,targeted_strong_reset,confidence,44,99973,12.9375,13
15,pre_discovery_smoke,clean_reset,correctness,36,97817,8.75,165
15,pre_discovery_smoke,clean_reset,correctness,36,99973,9.3125,108
15,pre_discovery_smoke,clean_reset,correctness,37,97817,9.6875,130
15,pre_discovery_smoke,clean_reset,correctness,37,99973,10.3125,93
15,pre_discovery_smoke,clean_reset,correctness,38,97817,11.0,63
15,pre_discovery_smoke,clean_reset,correctness,38,99973,11.875,38
15,pre_discovery_smoke,clean_reset,correctness,39,97817,11.9375,36
15,pre_discovery_smoke,clean_reset,correctness,39,99973,12.625,25
15,pre_discovery_smoke,clean_reset,correctness,40,97817,12.3125,37
15,pre_discovery_smoke,clean_reset,correctness,40,99973,13.0625,22
15,pre_discovery_smoke,clean_reset,correctness,41,97817,13.9375,16
15,pre_discovery_smoke,clean_reset,correctness,41,99973,14.5,13
15,pre_discovery_smoke,clean_reset,correctness,42,97817,14.5,9
15,pre_discovery_smoke,clean_reset,correctness,42,99973,15.0625,8
15,pre_discovery_smoke,clean_reset,correctness,43,97817,14.8125,7
15,pre_discovery_smoke,clean_reset,correctness,43,99973,14.5625,8
15,pre_discovery_smoke,clean_reset,correctness,44,97817,15.375,7
15,pre_discovery_smoke,clean_reset,correctness,44,99973,14.5625,9
15,pre_discovery_smoke,clean_reset,confidence,36,97817,7.5,263
15,pre_discovery_smoke,clean_reset,confidence,36,99973,10.375,41
15,pre_discovery_smoke,clean_reset,confidence,37,97817,8.75,147
15,pre_discovery_smoke,clean_reset,confidence,37,99973,11.4375,34
15,pre_discovery_smoke,clean_reset,confidence,38,97817,9.25,115
15,pre_discovery_smoke,clean_reset,confidence,38,99973,12.0,29
15,pre_discovery_smoke,clean_reset,confidence,39,97817,9.125,111
15,pre_discovery_smoke,clean_reset,confidence,39,99973,11.5625,26
15,pre_discovery_smoke,clean_reset,confidence,40,97817,9.5625,110
15,pre_discovery_smoke,clean_reset,confidence,40,99973,12.1875,25
15,pre_discovery_smoke,clean_reset,confidence,41,97817,9.6875,104
15,pre_discovery_smoke,clean_reset,confidence,41,99973,12.4375,23
15,pre_discovery_smoke,clean_reset,confidence,42,97817,10.0,76
15,pre_discovery_smoke,clean_reset,confidence,42,99973,12.9375,15
15,pre_discovery_smoke,clean_reset,confidence,43,97817,10.1875,45
15,pre_discovery_smoke,clean_reset,confidence,43,99973,12.875,11
15,pre_discovery_smoke,clean_reset,confidence,44,97817,10.5,43
15,pre_discovery_smoke,clean_reset,confidence,44,99973,12.9375,13
17,pre_discovery_smoke,clean_preserved,correctness,36,97817,8.8125,141
17,pre_discovery_smoke,clean_preserved,correctness,36,99973,9.375,95
17,pre_discovery_smoke,clean_preserved,correctness,37,97817,9.9375,109
17,pre_discovery_smoke,clean_preserved,correctness,37,99973,10.5,78
17,pre_discovery_smoke,clean_preserved,correctness,38,97817,11.125,59
17,pre_discovery_smoke,clean_preserved,correctness,38,99973,12.0,35
17,pre_discovery_smoke,clean_preserved,correctness,39,97817,12.125,35
17,pre_discovery_smoke,clean_preserved,correctness,39,99973,12.75,25
17,pre_discovery_smoke,clean_preserved,correctness,40,97817,12.25,35
17,pre_discovery_smoke,clean_preserved,correctness,40,99973,13.0,27
17,pre_discovery_smoke,clean_preserved,correctness,41,97817,14.0,16
17,pre_discovery_smoke,clean_preserved,correctness,41,99973,14.5625,12
17,pre_discovery_smoke,clean_preserved,correctness,42,97817,14.3125,10
17,pre_discovery_smoke,clean_preserved,correctness,42,99973,14.9375,7
17,pre_discovery_smoke,clean_preserved,correctness,43,97817,14.5,5
17,pre_discovery_smoke,clean_preserved,correctness,43,99973,14.3125,9
17,pre_discovery_smoke,clean_preserved,correctness,44,97817,15.0,6
17,pre_discovery_smoke,clean_preserved,correctness,44,99973,14.1875,9
17,pre_discovery_smoke,clean_preserved,confidence,36,97817,7.84375,219
17,pre_discovery_smoke,clean_preserved,confidence,36,99973,10.8125,31
17,pre_discovery_smoke,clean_preserved,confidence,37,97817,9.0625,130
17,pre_discovery_smoke,clean_preserved,confidence,37,99973,11.75,30
17,pre_discovery_smoke,clean_preserved,confidence,38,97817,9.6875,91
17,pre_discovery_smoke,clean_preserved,confidence,38,99973,12.375,26
17,pre_discovery_smoke,clean_preserved,confidence,39,97817,9.5625,86
17,pre_discovery_smoke,clean_preserved,confidence,39,99973,11.875,22
17,pre_discovery_smoke,clean_preserved,confidence,40,97817,9.9375,84
17,pre_discovery_smoke,clean_preserved,confidence,40,99973,12.5,22
17,pre_discovery_smoke,clean_preserved,confidence,41,97817,9.9375,86
17,pre_discovery_smoke,clean_preserved,confidence,41,99973,12.625,19
17,pre_discovery_smoke,clean_preserved,confidence,42,97817,10.125,68
17,pre_discovery_smoke,clean_preserved,confidence,42,99973,13.0625,14
17,pre_discovery_smoke,clean_preserved,confidence,43,97817,10.375,41
17,pre_discovery_smoke,clean_preserved,confidence,43,99973,13.0,11
17,pre_discovery_smoke,clean_preserved,confidence,44,97817,10.625,40
17,pre_discovery_smoke,clean_preserved,confidence,44,99973,12.9375,13
17,pre_discovery_smoke,targeted_strong_preserved,correctness,36,97817,8.8125,141
17,pre_discovery_smoke,targeted_strong_preserved,correctness,36,99973,9.375,92
17,pre_discovery_smoke,targeted_strong_preserved,correctness,37,97817,9.9375,111
17,pre_discovery_smoke,targeted_strong_preserved,correctness,37,99973,10.5,76
17,pre_discovery_smoke,targeted_strong_preserved,correctness,38,97817,11.125,60
17,pre_discovery_smoke,targeted_strong_preserved,correctness,38,99973,12.0,35
17,pre_discovery_smoke,targeted_strong_preserved,correctness,39,97817,12.1875,34
17,pre_discovery_smoke,targeted_strong_preserved,correctness,39,99973,12.8125,25
17,pre_discovery_smoke,targeted_strong_preserved,correctness,40,97817,12.25,34
17,pre_discovery_smoke,targeted_strong_preserved,correctness,40,99973,13.0625,27
17,pre_discovery_smoke,targeted_strong_preserved,correctness,41,97817,14.0,17
17,pre_discovery_smoke,targeted_strong_preserved,correctness,41,99973,14.5625,13
17,pre_discovery_smoke,targeted_strong_preserved,correctness,42,97817,14.375,11
17,pre_discovery_smoke,targeted_strong_preserved,correctness,42,99973,15.0,7
17,pre_discovery_smoke,targeted_strong_preserved,correctness,43,97817,14.5,5
17,pre_discovery_smoke,targeted_strong_preserved,correctness,43,99973,14.3125,9
17,pre_discovery_smoke,targeted_strong_preserved,correctness,44,97817,14.9375,7
17,pre_discovery_smoke,targeted_strong_preserved,correctness,44,99973,14.1875,9
17,pre_discovery_smoke,targeted_strong_preserved,confidence,36,97817,7.8125,221
17,pre_discovery_smoke,targeted_strong_preserved,confidence,36,99973,10.75,31
17,pre_discovery_smoke,targeted_strong_preserved,confidence,37,97817,9.0,135
17,pre_discovery_smoke,targeted_strong_preserved,confidence,37,99973,11.75,29
17,pre_discovery_smoke,targeted_strong_preserved,confidence,38,97817,9.6875,91
17,pre_discovery_smoke,targeted_strong_preserved,confidence,38,99973,12.375,25
17,pre_discovery_smoke,targeted_strong_preserved,confidence,39,97817,9.5625,87
17,pre_discovery_smoke,targeted_strong_preserved,confidence,39,99973,11.875,23
17,pre_discovery_smoke,targeted_strong_preserved,confidence,40,97817,9.875,90
17,pre_discovery_smoke,targeted_strong_preserved,confidence,40,99973,12.5,24
17,pre_discovery_smoke,targeted_strong_preserved,confidence,41,97817,9.875,92
17,pre_discovery_smoke,targeted_strong_preserved,confidence,41,99973,12.625,18
17,pre_discovery_smoke,targeted_strong_preserved,confidence,42,97817,10.0625,75
17,pre_discovery_smoke,targeted_strong_preserved,confidence,42,99973,13.0,14
17,pre_discovery_smoke,targeted_strong_preserved,confidence,43,97817,10.25,49
17,pre_discovery_smoke,targeted_strong_preserved,confidence,43,99973,12.875,12
17,pre_discovery_smoke,targeted_strong_preserved,confidence,44,97817,10.5,47
17,pre_discovery_smoke,targeted_strong_preserved,confidence,44,99973,12.875,13
17,pre_discovery_smoke,random_strong_preserved,correctness,36,97817,8.8125,141
17,pre_discovery_smoke,random_strong_preserved,correctness,36,99973,9.375,95
17,pre_discovery_smoke,random_strong_preserved,correctness,37,97817,9.9375,108
17,pre_discovery_smoke,random_strong_preserved,correctness,37,99973,10.5,77
17,pre_discovery_smoke,random_strong_preserved,correctness,38,97817,11.125,60
17,pre_discovery_smoke,random_strong_preserved,correctness,38,99973,11.9375,36
17,pre_discovery_smoke,random_strong_preserved,correctness,39,97817,12.125,35
17,pre_discovery_smoke,random_strong_preserved,correctness,39,99973,12.75,24
17,pre_discovery_smoke,random_strong_preserved,correctness,40,97817,12.25,35
17,pre_discovery_smoke,random_strong_preserved,correctness,40,99973,13.0,27
17,pre_discovery_smoke,random_strong_preserved,correctness,41,97817,13.9375,18
17,pre_discovery_smoke,random_strong_preserved,correctness,41,99973,14.5,13
17,pre_discovery_smoke,random_strong_preserved,correctness,42,97817,14.3125,10
17,pre_discovery_smoke,random_strong_preserved,correctness,42,99973,14.9375,7
17,pre_discovery_smoke,random_strong_preserved,correctness,43,97817,14.4375,5
17,pre_discovery_smoke,random_strong_preserved,correctness,43,99973,14.25,9
17,pre_discovery_smoke,random_strong_preserved,correctness,44,97817,14.9375,6
17,pre_discovery_smoke,random_strong_preserved,correctness,44,99973,14.125,9
17,pre_discovery_smoke,random_strong_preserved,confidence,36,97817,7.875,214
17,pre_discovery_smoke,random_strong_preserved,confidence,36,99973,10.8125,31
17,pre_discovery_smoke,random_strong_preserved,confidence,37,97817,9.0625,131
17,pre_discovery_smoke,random_strong_preserved,confidence,37,99973,11.75,29
17,pre_discovery_smoke,random_strong_preserved,confidence,38,97817,9.6875,90
17,pre_discovery_smoke,random_strong_preserved,confidence,38,99973,12.375,26
17,pre_discovery_smoke,random_strong_preserved,confidence,39,97817,9.5625,84
17,pre_discovery_smoke,random_strong_preserved,confidence,39,99973,11.875,21
17,pre_discovery_smoke,random_strong_preserved,confidence,40,97817,9.9375,86
17,pre_discovery_smoke,random_strong_preserved,confidence,40,99973,12.5,24
17,pre_discovery_smoke,random_strong_preserved,confidence,41,97817,9.9375,86
17,pre_discovery_smoke,random_strong_preserved,confidence,41,99973,12.5625,19
17,pre_discovery_smoke,random_strong_preserved,confidence,42,97817,10.125,68
17,pre_discovery_smoke,random_strong_preserved,confidence,42,99973,13.0,14
17,pre_discovery_smoke,random_strong_preserved,confidence,43,97817,10.3125,44
17,pre_discovery_smoke,random_strong_preserved,confidence,43,99973,13.0,11
17,pre_discovery_smoke,random_strong_preserved,confidence,44,97817,10.625,40
17,pre_discovery_smoke,random_strong_preserved,confidence,44,99973,13.0,13
17,pre_discovery_smoke,support_matched_alternative_preserved,correctness,36,97817,8.9375,131
17,pre_discovery_smoke,support_matched_alternative_preserved,correctness,36,99973,9.4375,90
17,pre_discovery_smoke,support_matched_alternative_preserved,correctness,37,97817,10.0625,100
17,pre_discovery_smoke,support_matched_alternative_preserved,correctness,37,99973,10.5625,72
17,pre_discovery_smoke,support_matched_alternative_preserved,correctness,38,97817,11.1875,57
17,pre_discovery_smoke,support_matched_alternative_preserved,correctness,38,99973,11.9375,36
17,pre_discovery_smoke,support_matched_alternative_preserved,correctness,39,97817,12.125,35
17,pre_discovery_smoke,support_matched_alternative_preserved,correctness,39,99973,12.75,26
17,pre_discovery_smoke,support_matched_alternative_preserved,correctness,40,97817,12.3125,36
17,pre_discovery_smoke,support_matched_alternative_preserved,correctness,40,99973,13.0,27
17,pre_discovery_smoke,support_matched_alternative_preserved,correctness,41,97817,13.9375,18
17,pre_discovery_smoke,support_matched_alternative_preserved,correctness,41,99973,14.5,13
17,pre_discovery_smoke,support_matched_alternative_preserved,correctness,42,97817,14.3125,10
17,pre_discovery_smoke,support_matched_alternative_preserved,correctness,42,99973,14.875,6
17,pre_discovery_smoke,support_matched_alternative_preserved,correctness,43,97817,14.4375,5
17,pre_discovery_smoke,support_matched_alternative_preserved,correctness,43,99973,14.25,7
17,pre_discovery_smoke,support_matched_alternative_preserved,correctness,44,97817,15.0,6
17,pre_discovery_smoke,support_matched_alternative_preserved,correctness,44,99973,14.1875,10
17,pre_discovery_smoke,support_matched_alternative_preserved,confidence,36,97817,7.875,212
17,pre_discovery_smoke,support_matched_alternative_preserved,confidence,36,99973,10.8125,29
17,pre_discovery_smoke,support_matched_alternative_preserved,confidence,37,97817,9.125,127
17,pre_discovery_smoke,support_matched_alternative_preserved,confidence,37,99973,11.8125,28
17,pre_discovery_smoke,support_matched_alternative_preserved,confidence,38,97817,9.6875,92
17,pre_discovery_smoke,support_matched_alternative_preserved,confidence,38,99973,12.375,26
17,pre_discovery_smoke,support_matched_alternative_preserved,confidence,39,97817,9.5625,86
17,pre_discovery_smoke,support_matched_alternative_preserved,confidence,39,99973,11.875,22
17,pre_discovery_smoke,support_matched_alternative_preserved,confidence,40,97817,9.9375,85
17,pre_discovery_smoke,support_matched_alternative_preserved,confidence,40,99973,12.5,23
17,pre_discovery_smoke,support_matched_alternative_preserved,confidence,41,97817,10.0,79
17,pre_discovery_smoke,support_matched_alternative_preserved,confidence,41,99973,12.625,20
17,pre_discovery_smoke,support_matched_alternative_preserved,confidence,42,97817,10.1875,68
17,pre_discovery_smoke,support_matched_alternative_preserved,confidence,42,99973,13.125,14
17,pre_discovery_smoke,support_matched_alternative_preserved,confidence,43,97817,10.375,42
17,pre_discovery_smoke,support_matched_alternative_preserved,confidence,43,99973,13.0,12
17,pre_discovery_smoke,support_matched_alternative_preserved,confidence,44,97817,10.6875,39
17,pre_discovery_smoke,support_matched_alternative_preserved,confidence,44,99973,13.0625,13
17,pre_discovery_smoke,targeted_strong_reset,correctness,36,97817,8.8125,141
17,pre_discovery_smoke,targeted_strong_reset,correctness,36,99973,9.375,95
17,pre_discovery_smoke,targeted_strong_reset,correctness,37,97817,9.9375,109
17,pre_discovery_smoke,targeted_strong_reset,correctness,37,99973,10.5,78
17,pre_discovery_smoke,targeted_strong_reset,correctness,38,97817,11.125,59
17,pre_discovery_smoke,targeted_strong_reset,correctness,38,99973,12.0,35
17,pre_discovery_smoke,targeted_strong_reset,correctness,39,97817,12.125,35
17,pre_discovery_smoke,targeted_strong_reset,correctness,39,99973,12.75,25
17,pre_discovery_smoke,targeted_strong_reset,correctness,40,97817,12.25,35
17,pre_discovery_smoke,targeted_strong_reset,correctness,40,99973,13.0,27
17,pre_discovery_smoke,targeted_strong_reset,correctness,41,97817,14.0,16
17,pre_discovery_smoke,targeted_strong_reset,correctness,41,99973,14.5625,12
17,pre_discovery_smoke,targeted_strong_reset,correctness,42,97817,14.3125,10
17,pre_discovery_smoke,targeted_strong_reset,correctness,42,99973,14.9375,7
17,pre_discovery_smoke,targeted_strong_reset,correctness,43,97817,14.5,5
17,pre_discovery_smoke,targeted_strong_reset,correctness,43,99973,14.3125,9
17,pre_discovery_smoke,targeted_strong_reset,correctness,44,97817,15.0,6
17,pre_discovery_smoke,targeted_strong_reset,correctness,44,99973,14.1875,9
17,pre_discovery_smoke,targeted_strong_reset,confidence,36,97817,7.84375,219
17,pre_discovery_smoke,targeted_strong_reset,confidence,36,99973,10.8125,31
17,pre_discovery_smoke,targeted_strong_reset,confidence,37,97817,9.0625,130
17,pre_discovery_smoke,targeted_strong_reset,confidence,37,99973,11.75,30
17,pre_discovery_smoke,targeted_strong_reset,confidence,38,97817,9.6875,91
17,pre_discovery_smoke,targeted_strong_reset,confidence,38,99973,12.375,26
17,pre_discovery_smoke,targeted_strong_reset,confidence,39,97817,9.5625,86
17,pre_discovery_smoke,targeted_strong_reset,confidence,39,99973,11.875,22
17,pre_discovery_smoke,targeted_strong_reset,confidence,40,97817,9.9375,84
17,pre_discovery_smoke,targeted_strong_reset,confidence,40,99973,12.5,22
17,pre_discovery_smoke,targeted_strong_reset,confidence,41,97817,9.9375,86
17,pre_discovery_smoke,targeted_strong_reset,confidence,41,99973,12.625,19
17,pre_discovery_smoke,targeted_strong_reset,confidence,42,97817,10.125,68
17,pre_discovery_smoke,targeted_strong_reset,confidence,42,99973,13.0625,14
17,pre_discovery_smoke,targeted_strong_reset,confidence,43,97817,10.375,41
17,pre_discovery_smoke,targeted_strong_reset,confidence,43,99973,13.0,11
17,pre_discovery_smoke,targeted_strong_reset,confidence,44,97817,10.625,40
17,pre_discovery_smoke,targeted_strong_reset,confidence,44,99973,12.9375,13
17,pre_discovery_smoke,clean_reset,correctness,36,97817,8.8125,141
17,pre_discovery_smoke,clean_reset,correctness,36,99973,9.375,95
17,pre_discovery_smoke,clean_reset,correctness,37,97817,9.9375,109
17,pre_discovery_smoke,clean_reset,correctness,37,99973,10.5,78
17,pre_discovery_smoke,clean_reset,correctness,38,97817,11.125,59
17,pre_discovery_smoke,clean_reset,correctness,38,99973,12.0,35
17,pre_discovery_smoke,clean_reset,correctness,39,97817,12.125,35
17,pre_discovery_smoke,clean_reset,correctness,39,99973,12.75,25
17,pre_discovery_smoke,clean_reset,correctness,40,97817,12.25,35
17,pre_discovery_smoke,clean_reset,correctness,40,99973,13.0,27
17,pre_discovery_smoke,clean_reset,correctness,41,97817,14.0,16
17,pre_discovery_smoke,clean_reset,correctness,41,99973,14.5625,12
17,pre_discovery_smoke,clean_reset,correctness,42,97817,14.3125,10
17,pre_discovery_smoke,clean_reset,correctness,42,99973,14.9375,7
17,pre_discovery_smoke,clean_reset,correctness,43,97817,14.5,5
17,pre_discovery_smoke,clean_reset,correctness,43,99973,14.3125,9
17,pre_discovery_smoke,clean_reset,correctness,44,97817,15.0,6
17,pre_discovery_smoke,clean_reset,correctness,44,99973,14.1875,9
17,pre_discovery_smoke,clean_reset,confidence,36,97817,7.84375,219
17,pre_discovery_smoke,clean_reset,confidence,36,99973,10.8125,31
17,pre_discovery_smoke,clean_reset,confidence,37,97817,9.0625,130
17,pre_discovery_smoke,clean_reset,confidence,37,99973,11.75,30
17,pre_discovery_smoke,clean_reset,confidence,38,97817,9.6875,91
17,pre_discovery_smoke,clean_reset,confidence,38,99973,12.375,26
17,pre_discovery_smoke,clean_reset,confidence,39,97817,9.5625,86
17,pre_discovery_smoke,clean_reset,confidence,39,99973,11.875,22
17,pre_discovery_smoke,clean_reset,confidence,40,97817,9.9375,84
17,pre_discovery_smoke,clean_reset,confidence,40,99973,12.5,22
17,pre_discovery_smoke,clean_reset,confidence,41,97817,9.9375,86
17,pre_discovery_smoke,clean_reset,confidence,41,99973,12.625,19
17,pre_discovery_smoke,clean_reset,confidence,42,97817,10.125,68
17,pre_discovery_smoke,clean_reset,confidence,42,99973,13.0625,14
17,pre_discovery_smoke,clean_reset,confidence,43,97817,10.375,41
17,pre_discovery_smoke,clean_reset,confidence,43,99973,13.0,11
17,pre_discovery_smoke,clean_reset,confidence,44,97817,10.625,40
17,pre_discovery_smoke,clean_reset,confidence,44,99973,12.9375,13
