item_id,item_type,domain,difficulty,labels,factual_answer,factual_answer_sha256,same_question_and_answer,requested_strength,effective_strength_self,effective_strength_other,candidate_score_self,candidate_rank_self,candidate_word_filtered_rank_self,candidate_score_other,candidate_rank_other,candidate_word_filtered_rank_other,self_minus_other_candidate_score,candidate_rank_self_minus_other,baseline_margin_self,baseline_margin_other,baseline_oriented_margin_self,baseline_oriented_margin_other,intervened_margin_self,intervened_margin_other,steering_delta_raw_self,steering_delta_raw_other,steering_delta_self,steering_delta_other,self_minus_other_steering_effect,baseline_output_self,baseline_output_other,intervened_output_self,intervened_output_other,flipped_self,flipped_other,flip_effect_self,flip_effect_other
0,calibration,physics,1,CORRECT/INCORRECT,Verdict: TRUE,45d42e561ca90f0d734ab56e3f7bbe6026a137c31956ac16b201249552241faa,True,-1.7,-1.0,-1.0,10.5625,74,28,13.125,14,3,-2.5625,60,11.125120193619978,9.750137330415896,11.125120193619978,9.750137330415896,2.265556201877189,0.8795450066681951,-8.859563991742789,-8.870592323747701,-8.859563991742789,-8.870592323747701,0.011028332004912045,CORRECT,CORRECT,CORRECT,CORRECT,False,False,no_flip,no_flip
0,calibration,physics,1,CORRECT/INCORRECT,Verdict: TRUE,45d42e561ca90f0d734ab56e3f7bbe6026a137c31956ac16b201249552241faa,True,-1.8,-1.0,-1.0,10.5625,74,28,13.125,14,3,-2.5625,60,11.125120193619978,9.750137330415896,11.125120193619978,9.750137330415896,2.193521945606335,0.8800366036302876,-8.931598248013643,-8.870100726785608,-8.931598248013643,-8.870100726785608,-0.0614975212280342,CORRECT,CORRECT,CORRECT,CORRECT,False,False,no_flip,no_flip
1,calibration,astronomy,1,CORRECT/INCORRECT,Verdict: FALSE,e0c99c534c8923c1bc35893350992fb2d2a141709ed0767588326031557b5ebe,True,-1.7,-1.0,-1.0,10.875,59,27,12.875,15,3,-2.0,44,12.750043398727712,10.625119209112881,12.750043398727712,10.625119209112881,2.1567870343569666,1.0430270694196224,-10.593256364370745,-9.582092139693259,-10.593256364370745,-9.582092139693259,-1.0111642246774863,CORRECT,CORRECT,CORRECT,CORRECT,False,False,no_flip,no_flip
1,calibration,astronomy,1,CORRECT/INCORRECT,Verdict: FALSE,e0c99c534c8923c1bc35893350992fb2d2a141709ed0767588326031557b5ebe,True,-1.8,-1.0,-1.0,10.875,59,27,12.875,15,3,-2.0,44,12.750043398727712,10.625119209112881,12.750043398727712,10.625119209112881,2.1540062890635454,1.0347326664777938,-10.596037109664167,-9.590386542635088,-10.596037109664167,-9.590386542635088,-1.005650567029079,CORRECT,CORRECT,CORRECT,CORRECT,False,False,no_flip,no_flip
2,calibration,geography,1,CORRECT/INCORRECT,Verdict: TRUE,45d42e561ca90f0d734ab56e3f7bbe6026a137c31956ac16b201249552241faa,True,-1.7,-1.0,-1.0,10.5625,75,32,12.75,18,3,-2.1875,57,6.250055580101389,8.37507897664409,6.250055580101389,8.37507897664409,0.87934259751637,0.629958454563166,-5.370712982585019,-7.745120522080924,-5.370712982585019,-7.745120522080924,2.3744075394959054,CORRECT,CORRECT,CORRECT,CORRECT,False,False,no_flip,no_flip
2,calibration,geography,1,CORRECT/INCORRECT,Verdict: TRUE,45d42e561ca90f0d734ab56e3f7bbe6026a137c31956ac16b201249552241faa,True,-1.8,-1.0,-1.0,10.5625,75,32,12.75,18,3,-2.1875,57,6.250055580101389,8.37507897664409,6.250055580101389,8.37507897664409,0.8789349212747766,0.629631743664504,-5.371120658826612,-7.745447232979586,-5.371120658826612,-7.745447232979586,2.374326574152974,CORRECT,CORRECT,CORRECT,CORRECT,False,False,no_flip,no_flip
3,calibration,biology,1,CORRECT/INCORRECT,Verdict: FALSE,e0c99c534c8923c1bc35893350992fb2d2a141709ed0767588326031557b5ebe,True,-1.7,-1.0,-1.0,11.5,52,24,13.375,11,3,-1.875,41,13.187558110143073,10.12513876683397,13.187558110143073,10.12513876683397,2.142060109632439,0.8906857861438766,-11.045498000510634,-9.234452980690094,-11.045498000510634,-9.234452980690094,-1.81104501982054,CORRECT,CORRECT,CORRECT,CORRECT,False,False,no_flip,no_flip
3,calibration,biology,1,CORRECT/INCORRECT,Verdict: FALSE,e0c99c534c8923c1bc35893350992fb2d2a141709ed0767588326031557b5ebe,True,-1.8,-1.0,-1.0,11.5,52,24,13.375,11,3,-1.875,41,13.187558110143073,10.12513876683397,13.187558110143073,10.12513876683397,2.2654921819485025,1.0181731128250249,-10.92206592819457,-9.106965654008945,-10.92206592819457,-9.106965654008945,-1.8151002741856246,CORRECT,CORRECT,CORRECT,CORRECT,False,False,no_flip,no_flip
4,calibration,chemistry,1,CORRECT/INCORRECT,Verdict: TRUE,45d42e561ca90f0d734ab56e3f7bbe6026a137c31956ac16b201249552241faa,True,-1.7,-1.0,-1.0,10.3125,85,32,13.375,12,2,-3.0625,73,11.062635756588406,11.000142574426945,11.062635756588406,11.000142574426945,2.40389564986981,1.25231398975302,-8.658740106718597,-9.747828584673925,-8.658740106718597,-9.747828584673925,1.089088477955329,CORRECT,CORRECT,CORRECT,CORRECT,False,False,no_flip,no_flip
4,calibration,chemistry,1,CORRECT/INCORRECT,Verdict: TRUE,45d42e561ca90f0d734ab56e3f7bbe6026a137c31956ac16b201249552241faa,True,-1.8,-1.0,-1.0,10.3125,85,32,13.375,12,2,-3.0625,73,11.062635756588406,11.000142574426945,11.062635756588406,11.000142574426945,2.2781993213138776,1.2522759841376683,-8.784436435274529,-9.747866590289277,-8.784436435274529,-9.747866590289277,0.9634301550147484,CORRECT,CORRECT,CORRECT,CORRECT,False,False,no_flip,no_flip
5,calibration,geography,1,CORRECT/INCORRECT,Verdict: FALSE,e0c99c534c8923c1bc35893350992fb2d2a141709ed0767588326031557b5ebe,True,-1.7,-1.0,-1.0,12.0625,31,12,13.0,16,3,-0.9375,15,11.000151284741833,11.625927759947217,11.000151284741833,11.625927759947217,2.7028849489288405,1.385536725691054,-8.297266335812992,-10.240391034256163,-8.297266335812992,-10.240391034256163,1.943124698443171,CORRECT,CORRECT,CORRECT,CORRECT,False,False,no_flip,no_flip
5,calibration,geography,1,CORRECT/INCORRECT,Verdict: FALSE,e0c99c534c8923c1bc35893350992fb2d2a141709ed0767588326031557b5ebe,True,-1.8,-1.0,-1.0,12.0625,31,12,13.0,16,3,-0.9375,15,11.000151284741833,11.625927759947217,11.000151284741833,11.625927759947217,2.700442689092597,1.3850081821728963,-8.299708595649236,-10.24091957777432,-8.299708595649236,-10.24091957777432,1.9412109821250851,CORRECT,CORRECT,CORRECT,CORRECT,False,False,no_flip,no_flip
6,calibration,biology,1,CORRECT/INCORRECT,Verdict: TRUE,45d42e561ca90f0d734ab56e3f7bbe6026a137c31956ac16b201249552241faa,True,-1.7,-1.0,-1.0,10.9375,59,25,13.0625,13,2,-2.125,46,10.87511358231609,11.375093102932738,10.87511358231609,11.375093102932738,1.879157046219916,0.7542411232716404,-8.995956536096173,-10.620851979661097,-8.995956536096173,-10.620851979661097,1.6248954435649239,CORRECT,CORRECT,CORRECT,CORRECT,False,False,no_flip,no_flip
6,calibration,biology,1,CORRECT/INCORRECT,Verdict: TRUE,45d42e561ca90f0d734ab56e3f7bbe6026a137c31956ac16b201249552241faa,True,-1.8,-1.0,-1.0,10.9375,59,25,13.0625,13,2,-2.125,46,10.87511358231609,11.375093102932738,10.87511358231609,11.375093102932738,1.8792135723488173,0.7541458985069767,-8.995900009967272,-10.620947204425761,-8.995900009967272,-10.620947204425761,1.6250471944584888,CORRECT,CORRECT,CORRECT,CORRECT,False,False,no_flip,no_flip
7,calibration,physics,1,CORRECT/INCORRECT,Verdict: FALSE,e0c99c534c8923c1bc35893350992fb2d2a141709ed0767588326031557b5ebe,True,-1.7,-1.0,-1.0,11.375,44,17,13.1875,13,3,-1.8125,31,13.250052297784805,9.3750919246163,13.250052297784805,9.3750919246163,2.7649815155527904,1.2762676997226663,-10.485070782232015,-8.098824224893633,-10.485070782232015,-8.098824224893633,-2.3862465573383815,CORRECT,CORRECT,CORRECT,CORRECT,False,False,no_flip,no_flip
7,calibration,physics,1,CORRECT/INCORRECT,Verdict: FALSE,e0c99c534c8923c1bc35893350992fb2d2a141709ed0767588326031557b5ebe,True,-1.8,-1.0,-1.0,11.375,44,17,13.1875,13,3,-1.8125,31,13.250052297784805,9.3750919246163,13.250052297784805,9.3750919246163,2.7637862422925537,1.1550449022761313,-10.486266055492251,-8.220047022340168,-10.486266055492251,-8.220047022340168,-2.2662190331520833,CORRECT,CORRECT,CORRECT,CORRECT,False,False,no_flip,no_flip
8,calibration,literature,1,CORRECT/INCORRECT,Verdict: TRUE,45d42e561ca90f0d734ab56e3f7bbe6026a137c31956ac16b201249552241faa,True,-1.7,-1.0,-1.0,10.5,73,27,12.8125,17,3,-2.3125,56,9.375068082583311,8.000127446807255,9.375068082583311,8.000127446807255,1.7624858220733586,0.3789014717040118,-7.612582260509953,-7.621225975103243,-7.612582260509953,-7.621225975103243,0.008643714593290497,CORRECT,CORRECT,CORRECT,CORRECT,False,False,no_flip,no_flip
8,calibration,literature,1,CORRECT/INCORRECT,Verdict: TRUE,45d42e561ca90f0d734ab56e3f7bbe6026a137c31956ac16b201249552241faa,True,-1.8,-1.0,-1.0,10.5,73,27,12.8125,17,3,-2.3125,56,9.375068082583311,8.000127446807255,9.375068082583311,8.000127446807255,1.7626402829700965,0.37915943942789454,-7.612427799613215,-7.620968007379361,-7.612427799613215,-7.620968007379361,0.008540207766145613,CORRECT,CORRECT,CORRECT,CORRECT,False,False,no_flip,no_flip
9,calibration,geography,1,CORRECT/INCORRECT,Verdict: FALSE,e0c99c534c8923c1bc35893350992fb2d2a141709ed0767588326031557b5ebe,True,-1.7,-1.0,-1.0,11.5,37,17,12.9375,14,3,-1.4375,23,8.500059899193502,8.12516602333585,8.500059899193502,8.12516602333585,2.124715218495112,0.910856775008142,-6.37534468069839,-7.214309248327709,-6.37534468069839,-7.214309248327709,0.8389645676293185,CORRECT,CORRECT,CORRECT,CORRECT,False,False,no_flip,no_flip
9,calibration,geography,1,CORRECT/INCORRECT,Verdict: FALSE,e0c99c534c8923c1bc35893350992fb2d2a141709ed0767588326031557b5ebe,True,-1.8,-1.0,-1.0,11.5,37,17,12.9375,14,3,-1.4375,23,8.500059899193502,8.12516602333585,8.500059899193502,8.12516602333585,2.297125117504038,0.9014924039656762,-6.202934781689464,-7.2236736193701745,-6.202934781689464,-7.2236736193701745,1.0207388376807103,CORRECT,CORRECT,CORRECT,CORRECT,False,False,no_flip,no_flip
10,calibration,biology,2,CORRECT/INCORRECT,Verdict: TRUE,45d42e561ca90f0d734ab56e3f7bbe6026a137c31956ac16b201249552241faa,True,-1.7,-1.0,-1.0,10.875,59,20,13.1875,14,2,-2.3125,45,3.1250117979445804,3.8750270397661097,3.1250117979445804,3.8750270397661097,0.9074123680620687,0.2565327823976986,-2.2175994298825117,-3.618494257368411,-2.2175994298825117,-3.618494257368411,1.4008948274858994,CORRECT,CORRECT,CORRECT,CORRECT,False,False,no_flip,no_flip
10,calibration,biology,2,CORRECT/INCORRECT,Verdict: TRUE,45d42e561ca90f0d734ab56e3f7bbe6026a137c31956ac16b201249552241faa,True,-1.8,-1.0,-1.0,10.875,59,20,13.1875,14,2,-2.3125,45,3.1250117979445804,3.8750270397661097,3.1250117979445804,3.8750270397661097,1.0360868887364632,0.25665493472479284,-2.0889249092081172,-3.618372105041317,-2.0889249092081172,-3.618372105041317,1.5294471958331997,CORRECT,CORRECT,CORRECT,CORRECT,False,False,no_flip,no_flip
11,calibration,physics,2,CORRECT/INCORRECT,Verdict: FALSE,e0c99c534c8923c1bc35893350992fb2d2a141709ed0767588326031557b5ebe,True,-1.7,-1.0,-1.0,11.875,33,10,13.6875,11,3,-1.8125,22,11.500036306263723,11.000117422717267,11.500036306263723,11.000117422717267,2.3860274308535736,1.5038560715329368,-9.11400887541015,-9.49626135118433,-9.11400887541015,-9.49626135118433,0.3822524757741803,CORRECT,CORRECT,CORRECT,CORRECT,False,False,no_flip,no_flip
11,calibration,physics,2,CORRECT/INCORRECT,Verdict: FALSE,e0c99c534c8923c1bc35893350992fb2d2a141709ed0767588326031557b5ebe,True,-1.8,-1.0,-1.0,11.875,33,10,13.6875,11,3,-1.8125,22,11.500036306263723,11.000117422717267,11.500036306263723,11.000117422717267,2.3878367341239937,1.5037531690322794,-9.11219957213973,-9.496364253684987,-9.11219957213973,-9.496364253684987,0.38416468154525774,CORRECT,CORRECT,CORRECT,CORRECT,False,False,no_flip,no_flip
12,calibration,astronomy,2,CORRECT/INCORRECT,Verdict: TRUE,45d42e561ca90f0d734ab56e3f7bbe6026a137c31956ac16b201249552241faa,True,-1.7,-1.0,-1.0,11.125,44,17,13.375,12,2,-2.25,32,10.750097765785313,11.500146505231669,10.750097765785313,11.500146505231669,1.8789041802083375,1.0015330353053287,-8.871193585576975,-10.49861346992634,-8.871193585576975,-10.49861346992634,1.627419884349365,CORRECT,CORRECT,CORRECT,CORRECT,False,False,no_flip,no_flip
12,calibration,astronomy,2,CORRECT/INCORRECT,Verdict: TRUE,45d42e561ca90f0d734ab56e3f7bbe6026a137c31956ac16b201249552241faa,True,-1.8,-1.0,-1.0,11.125,44,17,13.375,12,2,-2.25,32,10.750097765785313,11.500146505231669,10.750097765785313,11.500146505231669,1.8786321646766737,1.001441885047825,-8.871465601108639,-10.498704620183844,-8.871465601108639,-10.498704620183844,1.6272390190752049,CORRECT,CORRECT,CORRECT,CORRECT,False,False,no_flip,no_flip
13,calibration,physics,2,CORRECT/INCORRECT,Verdict: FALSE,e0c99c534c8923c1bc35893350992fb2d2a141709ed0767588326031557b5ebe,True,-1.7,-1.0,-1.0,11.125,33,8,13.625,9,2,-2.5,24,1.0000083446275312,3.0000328454207192,1.0000083446275312,3.0000328454207192,0.008531549072358757,0.1447236962558236,-0.9914767955551724,-2.8553091491648956,-0.9914767955551724,-2.8553091491648956,1.8638323536097232,CORRECT,CORRECT,INCORRECT,CORRECT,True,False,worsened,no_flip
13,calibration,physics,2,CORRECT/INCORRECT,Verdict: FALSE,e0c99c534c8923c1bc35893350992fb2d2a141709ed0767588326031557b5ebe,True,-1.8,-1.0,-1.0,11.125,33,8,13.625,9,2,-2.5,24,1.0000083446275312,3.0000328454207192,1.0000083446275312,3.0000328454207192,0.13255586070590653,0.1447215864318423,-0.8674524839216247,-2.855311258988877,-0.8674524839216247,-2.855311258988877,1.9878587750672523,CORRECT,CORRECT,CORRECT,CORRECT,False,False,no_flip,no_flip
14,calibration,medicine,2,CORRECT/INCORRECT,Verdict: FALSE,e0c99c534c8923c1bc35893350992fb2d2a141709ed0767588326031557b5ebe,True,-1.7,-1.0,-1.0,11.75,39,16,13.5,12,3,-1.75,27,11.125062960999458,10.000119691237842,11.125062960999458,10.000119691237842,3.1035312702297233,0.938908907584846,-8.021531690769734,-9.061210783652996,-8.021531690769734,-9.061210783652996,1.0396790928832615,CORRECT,CORRECT,CORRECT,CORRECT,False,False,no_flip,no_flip
14,calibration,medicine,2,CORRECT/INCORRECT,Verdict: FALSE,e0c99c534c8923c1bc35893350992fb2d2a141709ed0767588326031557b5ebe,True,-1.8,-1.0,-1.0,11.75,39,16,13.5,12,3,-1.75,27,11.125062960999458,10.000119691237842,11.125062960999458,10.000119691237842,3.1416738921398064,0.8120950296579394,-7.983389068859651,-9.188024661579902,-7.983389068859651,-9.188024661579902,1.2046355927202512,CORRECT,CORRECT,CORRECT,CORRECT,False,False,no_flip,no_flip
15,calibration,biology,2,CORRECT/INCORRECT,Verdict: TRUE,45d42e561ca90f0d734ab56e3f7bbe6026a137c31956ac16b201249552241faa,True,-1.7,-1.0,-1.0,11.3125,41,13,14.375,9,1,-3.0625,32,11.750051987191682,11.875102280218925,11.750051987191682,11.875102280218925,1.8802319903916214,1.2557553519000066,-9.86981999680006,-10.619346928318919,-9.86981999680006,-10.619346928318919,0.749526931518858,CORRECT,CORRECT,CORRECT,CORRECT,False,False,no_flip,no_flip
15,calibration,biology,2,CORRECT/INCORRECT,Verdict: TRUE,45d42e561ca90f0d734ab56e3f7bbe6026a137c31956ac16b201249552241faa,True,-1.8,-1.0,-1.0,11.3125,41,13,14.375,9,1,-3.0625,32,11.750051987191682,11.875102280218925,11.750051987191682,11.875102280218925,2.0054083461436676,1.2551747149409493,-9.744643641048015,-10.619927565277976,-9.744643641048015,-10.619927565277976,0.8752839242299615,CORRECT,CORRECT,CORRECT,CORRECT,False,False,no_flip,no_flip
16,calibration,geography,2,CORRECT/INCORRECT,Verdict: FALSE,e0c99c534c8923c1bc35893350992fb2d2a141709ed0767588326031557b5ebe,True,-1.7,-1.0,-1.0,11.5,45,22,13.1875,11,2,-1.6875,34,13.812550082304824,9.875105389295413,13.812550082304824,9.875105389295413,1.517676676849078,0.8401853427349124,-12.294873405455746,-9.0349200465605,-12.294873405455746,-9.0349200465605,-3.2599533588952454,CORRECT,CORRECT,CORRECT,CORRECT,False,False,no_flip,no_flip
16,calibration,geography,2,CORRECT/INCORRECT,Verdict: FALSE,e0c99c534c8923c1bc35893350992fb2d2a141709ed0767588326031557b5ebe,True,-1.8,-1.0,-1.0,11.5,45,22,13.1875,11,2,-1.6875,34,13.812550082304824,9.875105389295413,13.812550082304824,9.875105389295413,1.5197680796482018,0.8079228065325879,-12.292782002656622,-9.067182582762825,-12.292782002656622,-9.067182582762825,-3.225599419893797,CORRECT,CORRECT,CORRECT,CORRECT,False,False,no_flip,no_flip
17,calibration,biology,2,CORRECT/INCORRECT,Verdict: TRUE,45d42e561ca90f0d734ab56e3f7bbe6026a137c31956ac16b201249552241faa,True,-1.7,-1.0,-1.0,10.625,70,31,13.25,12,2,-2.625,58,11.875080409601424,11.875104786730162,11.875080409601424,11.875104786730162,2.2855738934667897,0.8854836644022726,-9.589506516134634,-10.98962112232789,-9.589506516134634,-10.98962112232789,1.400114606193256,CORRECT,CORRECT,CORRECT,CORRECT,False,False,no_flip,no_flip
17,calibration,biology,2,CORRECT/INCORRECT,Verdict: TRUE,45d42e561ca90f0d734ab56e3f7bbe6026a137c31956ac16b201249552241faa,True,-1.8,-1.0,-1.0,10.625,70,31,13.25,12,2,-2.625,58,11.875080409601424,11.875104786730162,11.875080409601424,11.875104786730162,2.1278744035735144,1.0102384298515972,-9.747206006027909,-10.864866356878565,-9.747206006027909,-10.864866356878565,1.117660350850656,CORRECT,CORRECT,CORRECT,CORRECT,False,False,no_flip,no_flip
18,calibration,geography,2,CORRECT/INCORRECT,Verdict: FALSE,e0c99c534c8923c1bc35893350992fb2d2a141709ed0767588326031557b5ebe,True,-1.7,-1.0,-1.0,11.0,32,9,13.0,12,2,-2.0,20,0.37500393392656406,1.8750659353881929,0.37500393392656406,1.8750659353881929,-0.12047147363773547,0.37860169931082055,-0.49547540756429953,-1.4964642360773723,-0.49547540756429953,-1.4964642360773723,1.0009888285130728,CORRECT,CORRECT,INCORRECT,CORRECT,True,False,worsened,no_flip
18,calibration,geography,2,CORRECT/INCORRECT,Verdict: FALSE,e0c99c534c8923c1bc35893350992fb2d2a141709ed0767588326031557b5ebe,True,-1.8,-1.0,-1.0,11.0,32,9,13.0,12,2,-2.0,20,0.37500393392656406,1.8750659353881929,0.37500393392656406,1.8750659353881929,-0.24585167528130114,0.378761324158404,-0.6208556092078652,-1.4963046112297889,-0.6208556092078652,-1.4963046112297889,0.8754490020219237,CORRECT,CORRECT,INCORRECT,CORRECT,True,False,worsened,no_flip
19,calibration,biology,2,CORRECT/INCORRECT,Verdict: TRUE,45d42e561ca90f0d734ab56e3f7bbe6026a137c31956ac16b201249552241faa,True,-1.7,-1.0,-1.0,10.375,69,28,12.8125,18,3,-2.4375,51,6.625049545922025,6.125126804161027,6.625049545922025,6.125126804161027,1.4359753097669454,0.7625988966028672,-5.189074236155079,-5.36252790755816,-5.189074236155079,-5.36252790755816,0.173453671403081,CORRECT,CORRECT,CORRECT,CORRECT,False,False,no_flip,no_flip
19,calibration,biology,2,CORRECT/INCORRECT,Verdict: TRUE,45d42e561ca90f0d734ab56e3f7bbe6026a137c31956ac16b201249552241faa,True,-1.8,-1.0,-1.0,10.375,69,28,12.8125,18,3,-2.4375,51,6.625049545922025,6.125126804161027,6.625049545922025,6.125126804161027,1.4253471334450296,0.7639975297788624,-5.199702412476995,-5.361129274382165,-5.199702412476995,-5.361129274382165,0.16142686190516997,CORRECT,CORRECT,CORRECT,CORRECT,False,False,no_flip,no_flip
20,calibration,biology,3,CORRECT/INCORRECT,Verdict: TRUE,45d42e561ca90f0d734ab56e3f7bbe6026a137c31956ac16b201249552241faa,True,-1.7,-1.0,-1.0,10.5,75,28,13.1875,13,3,-2.6875,62,9.62511406820613,9.37514556072449,9.62511406820613,9.37514556072449,2.253638190908532,0.8780089868232608,-7.371475877297598,-8.49713657390123,-7.371475877297598,-8.49713657390123,1.1256606966036315,CORRECT,CORRECT,CORRECT,CORRECT,False,False,no_flip,no_flip
20,calibration,biology,3,CORRECT/INCORRECT,Verdict: TRUE,45d42e561ca90f0d734ab56e3f7bbe6026a137c31956ac16b201249552241faa,True,-1.8,-1.0,-1.0,10.5,75,28,13.1875,13,3,-2.6875,62,9.62511406820613,9.37514556072449,9.62511406820613,9.37514556072449,2.128708157535584,0.8781938413449097,-7.496405910670546,-8.496951719379581,-7.496405910670546,-8.496951719379581,1.0005458087090346,CORRECT,CORRECT,CORRECT,CORRECT,False,False,no_flip,no_flip
21,calibration,chemistry,3,CORRECT/INCORRECT,Verdict: FALSE,e0c99c534c8923c1bc35893350992fb2d2a141709ed0767588326031557b5ebe,True,-1.7,-1.0,-1.0,12.0,31,12,13.625,8,2,-1.625,23,13.312573332178545,9.375146768888044,13.312573332178545,9.375146768888044,2.409397682720737,0.7718902120686835,-10.903175649457808,-8.60325655681936,-10.903175649457808,-8.60325655681936,-2.299919092638447,CORRECT,CORRECT,CORRECT,CORRECT,False,False,no_flip,no_flip
21,calibration,chemistry,3,CORRECT/INCORRECT,Verdict: FALSE,e0c99c534c8923c1bc35893350992fb2d2a141709ed0767588326031557b5ebe,True,-1.8,-1.0,-1.0,12.0,31,12,13.625,8,2,-1.625,23,13.312573332178545,9.375146768888044,13.312573332178545,9.375146768888044,2.4361163244539057,0.6794456667557824,-10.876457007724639,-8.695701102132261,-10.876457007724639,-8.695701102132261,-2.1807559055923775,CORRECT,CORRECT,CORRECT,CORRECT,False,False,no_flip,no_flip
22,calibration,history,3,CORRECT/INCORRECT,Verdict: TRUE,45d42e561ca90f0d734ab56e3f7bbe6026a137c31956ac16b201249552241faa,True,-1.7,-1.0,-1.0,11.0,54,21,13.3125,12,3,-2.3125,42,11.500395510644353,11.250306585915496,11.500395510644353,11.250306585915496,1.8947744486067677,0.879308870062232,-9.605621062037585,-10.370997715853264,-9.605621062037585,-10.370997715853264,0.7653766538156788,CORRECT,CORRECT,CORRECT,CORRECT,False,False,no_flip,no_flip
22,calibration,history,3,CORRECT/INCORRECT,Verdict: TRUE,45d42e561ca90f0d734ab56e3f7bbe6026a137c31956ac16b201249552241faa,True,-1.8,-1.0,-1.0,11.0,54,21,13.3125,12,3,-2.3125,42,11.500395510644353,11.250306585915496,11.500395510644353,11.250306585915496,1.892873400604003,0.754126623403863,-9.60752211004035,-10.496179962511633,-9.60752211004035,-10.496179962511633,0.8886578524712831,CORRECT,CORRECT,CORRECT,CORRECT,False,False,no_flip,no_flip
23,calibration,neuroscience,3,CORRECT/INCORRECT,Verdict: FALSE,e0c99c534c8923c1bc35893350992fb2d2a141709ed0767588326031557b5ebe,True,-1.7,-1.0,-1.0,10.875,41,15,12.875,11,2,-2.0,30,4.000027771812938,4.6250910111116355,4.000027771812938,4.6250910111116355,0.5047904380626278,0.1309354059631005,-3.4952373337503104,-4.494155605148535,-3.4952373337503104,-4.494155605148535,0.9989182713982245,CORRECT,CORRECT,CORRECT,CORRECT,False,False,no_flip,no_flip
23,calibration,neuroscience,3,CORRECT/INCORRECT,Verdict: FALSE,e0c99c534c8923c1bc35893350992fb2d2a141709ed0767588326031557b5ebe,True,-1.8,-1.0,-1.0,10.875,41,15,12.875,11,2,-2.0,30,4.000027771812938,4.6250910111116355,4.000027771812938,4.6250910111116355,0.5048533250082983,0.005836064461618662,-3.49517444680464,-4.619254946650017,-3.49517444680464,-4.619254946650017,1.1240804998453768,CORRECT,CORRECT,CORRECT,INCORRECT,False,True,no_flip,worsened
24,calibration,physics,3,CORRECT/INCORRECT,Verdict: TRUE,45d42e561ca90f0d734ab56e3f7bbe6026a137c31956ac16b201249552241faa,True,-1.7,-1.0,-1.0,11.125,55,22,13.3125,13,3,-2.1875,42,10.875066593973088,10.50009048630477,10.875066593973088,10.50009048630477,2.760235435467621,1.2564970496459864,-8.114831158505467,-9.243593436658784,-8.114831158505467,-9.243593436658784,1.1287622781533173,CORRECT,CORRECT,CORRECT,CORRECT,False,False,no_flip,no_flip
24,calibration,physics,3,CORRECT/INCORRECT,Verdict: TRUE,45d42e561ca90f0d734ab56e3f7bbe6026a137c31956ac16b201249552241faa,True,-1.8,-1.0,-1.0,11.125,55,22,13.3125,13,3,-2.1875,42,10.875066593973088,10.50009048630477,10.875066593973088,10.50009048630477,2.7597188703075517,1.3801102916768286,-8.115347723665536,-9.119980194627942,-8.115347723665536,-9.119980194627942,1.004632470962406,CORRECT,CORRECT,CORRECT,CORRECT,False,False,no_flip,no_flip
25,calibration,neuroscience,3,CORRECT/INCORRECT,Verdict: FALSE,e0c99c534c8923c1bc35893350992fb2d2a141709ed0767588326031557b5ebe,True,-1.7,-1.0,-1.0,11.375,44,20,13.5625,11,3,-2.1875,33,12.500050471351187,11.250079525506862,12.500050471351187,11.250079525506862,2.752966128580738,1.626993228768697,-9.74708434277045,-9.623086296738165,-9.74708434277045,-9.623086296738165,-0.12399804603228404,CORRECT,CORRECT,CORRECT,CORRECT,False,False,no_flip,no_flip
25,calibration,neuroscience,3,CORRECT/INCORRECT,Verdict: FALSE,e0c99c534c8923c1bc35893350992fb2d2a141709ed0767588326031557b5ebe,True,-1.8,-1.0,-1.0,11.375,44,20,13.5625,11,3,-2.1875,33,12.500050471351187,11.250079525506862,12.500050471351187,11.250079525506862,2.7535519271623343,1.6266426749061793,-9.746498544188853,-9.623436850600683,-9.746498544188853,-9.623436850600683,-0.12306169358816987,CORRECT,CORRECT,CORRECT,CORRECT,False,False,no_flip,no_flip
26,calibration,chemistry,3,CORRECT/INCORRECT,Verdict: TRUE,45d42e561ca90f0d734ab56e3f7bbe6026a137c31956ac16b201249552241faa,True,-1.7,-1.0,-1.0,11.25,43,16,13.5625,13,2,-2.3125,30,12.625810712148905,12.875112294022529,12.625810712148905,12.875112294022529,1.7776642489916412,0.8898136919888202,-10.848146463157263,-11.985298602033708,-10.848146463157263,-11.985298602033708,1.137152138876445,CORRECT,CORRECT,CORRECT,CORRECT,False,False,no_flip,no_flip
26,calibration,chemistry,3,CORRECT/INCORRECT,Verdict: TRUE,45d42e561ca90f0d734ab56e3f7bbe6026a137c31956ac16b201249552241faa,True,-1.8,-1.0,-1.0,11.25,43,16,13.5625,13,2,-2.3125,30,12.625810712148905,12.875112294022529,12.625810712148905,12.875112294022529,1.782017092773458,0.88725549847004,-10.843793619375447,-11.987856795552489,-10.843793619375447,-11.987856795552489,1.144063176177042,CORRECT,CORRECT,CORRECT,CORRECT,False,False,no_flip,no_flip
27,calibration,history,3,CORRECT/INCORRECT,Verdict: FALSE,e0c99c534c8923c1bc35893350992fb2d2a141709ed0767588326031557b5ebe,True,-1.7,-1.0,-1.0,11.0,29,7,13.25,12,2,-2.25,17,8.000040905760443,7.375065547184931,8.000040905760443,7.375065547184931,1.0173754443385405,0.47526240086881444,-6.982665461421902,-6.899803146316117,-6.982665461421902,-6.899803146316117,-0.08286231510578546,CORRECT,CORRECT,CORRECT,CORRECT,False,False,no_flip,no_flip
27,calibration,history,3,CORRECT/INCORRECT,Verdict: FALSE,e0c99c534c8923c1bc35893350992fb2d2a141709ed0767588326031557b5ebe,True,-1.8,-1.0,-1.0,11.0,29,7,13.25,12,2,-2.25,17,8.000040905760443,7.375065547184931,8.000040905760443,7.375065547184931,1.0196941396716284,0.5898594558530021,-6.9803467660888145,-6.785206091331929,-6.9803467660888145,-6.785206091331929,-0.19514067475688535,CORRECT,CORRECT,CORRECT,CORRECT,False,False,no_flip,no_flip
28,calibration,mathematics,3,CORRECT/INCORRECT,Verdict: FALSE,e0c99c534c8923c1bc35893350992fb2d2a141709ed0767588326031557b5ebe,True,-1.7,-1.0,-1.0,12.0625,23,7,13.4375,10,2,-1.375,13,10.62506259539714,10.75247999801013,10.62506259539714,10.75247999801013,1.6279471399247996,0.6302250346634537,-8.99711545547234,-10.122254963346677,-8.99711545547234,-10.122254963346677,1.1251395078743371,CORRECT,CORRECT,CORRECT,CORRECT,False,False,no_flip,no_flip
28,calibration,mathematics,3,CORRECT/INCORRECT,Verdict: FALSE,e0c99c534c8923c1bc35893350992fb2d2a141709ed0767588326031557b5ebe,True,-1.8,-1.0,-1.0,12.0625,23,7,13.4375,10,2,-1.375,13,10.62506259539714,10.75247999801013,10.62506259539714,10.75247999801013,1.5030509750649799,0.6304087066819193,-9.12201162033216,-10.122071291328211,-9.12201162033216,-10.122071291328211,1.0000596709960519,CORRECT,CORRECT,CORRECT,CORRECT,False,False,no_flip,no_flip
29,calibration,physics,3,CORRECT/INCORRECT,Verdict: TRUE,45d42e561ca90f0d734ab56e3f7bbe6026a137c31956ac16b201249552241faa,True,-1.7,-1.0,-1.0,10.6875,65,24,13.75,10,2,-3.0625,55,11.875198876726245,12.125152107998474,11.875198876726245,12.125152107998474,2.5682841608140734,1.130730165154091,-9.306914715912171,-10.994421942844383,-9.306914715912171,-10.994421942844383,1.6875072269322118,CORRECT,CORRECT,CORRECT,CORRECT,False,False,no_flip,no_flip
29,calibration,physics,3,CORRECT/INCORRECT,Verdict: TRUE,45d42e561ca90f0d734ab56e3f7bbe6026a137c31956ac16b201249552241faa,True,-1.8,-1.0,-1.0,10.6875,65,24,13.75,10,2,-3.0625,55,11.875198876726245,12.125152107998474,11.875198876726245,12.125152107998474,2.5372333618070115,1.130737067811424,-9.337965514919233,-10.99441504018705,-9.337965514919233,-10.99441504018705,1.656449525267817,CORRECT,CORRECT,CORRECT,CORRECT,False,False,no_flip,no_flip
30,calibration,psychophysics,4,CORRECT/INCORRECT,Verdict: TRUE,45d42e561ca90f0d734ab56e3f7bbe6026a137c31956ac16b201249552241faa,True,-1.7,-1.0,-1.0,10.9375,62,22,13.5,12,3,-2.5625,50,9.000276172672557,11.375060444478663,9.000276172672557,11.375060444478663,2.589283015811816,1.5169099709455622,-6.410993156860741,-9.858150473533101,-6.410993156860741,-9.858150473533101,3.44715731667236,CORRECT,CORRECT,CORRECT,CORRECT,False,False,no_flip,no_flip
30,calibration,psychophysics,4,CORRECT/INCORRECT,Verdict: TRUE,45d42e561ca90f0d734ab56e3f7bbe6026a137c31956ac16b201249552241faa,True,-1.8,-1.0,-1.0,10.9375,62,22,13.5,12,3,-2.5625,50,9.000276172672557,11.375060444478663,9.000276172672557,11.375060444478663,2.5788672393537126,1.5140353728202172,-6.421408933318844,-9.861025071658446,-6.421408933318844,-9.861025071658446,3.439616138339602,CORRECT,CORRECT,CORRECT,CORRECT,False,False,no_flip,no_flip
31,calibration,psychology,4,CORRECT/INCORRECT,Verdict: FALSE,e0c99c534c8923c1bc35893350992fb2d2a141709ed0767588326031557b5ebe,True,-1.7,-1.0,-1.0,10.75,68,22,13.375,11,3,-2.625,57,11.00007302496897,9.125129608286898,11.00007302496897,9.125129608286898,1.5453759670926956,0.38901999124209397,-9.454697057876274,-8.736109617044804,-9.454697057876274,-8.736109617044804,-0.7185874408314703,CORRECT,CORRECT,CORRECT,CORRECT,False,False,no_flip,no_flip
31,calibration,psychology,4,CORRECT/INCORRECT,Verdict: FALSE,e0c99c534c8923c1bc35893350992fb2d2a141709ed0767588326031557b5ebe,True,-1.8,-1.0,-1.0,10.75,68,22,13.375,11,3,-2.625,57,11.00007302496897,9.125129608286898,11.00007302496897,9.125129608286898,1.4241843924537534,0.5122624436917249,-9.575888632515216,-8.612867164595173,-9.575888632515216,-8.612867164595173,-0.9630214679200435,CORRECT,CORRECT,CORRECT,CORRECT,False,False,no_flip,no_flip
32,calibration,linguistics,4,CORRECT/INCORRECT,Verdict: FALSE,e0c99c534c8923c1bc35893350992fb2d2a141709ed0767588326031557b5ebe,True,-1.7,-1.0,-1.0,11.875,36,14,13.9375,8,1,-2.0625,28,8.875741664131738,10.002451977038959,8.875741664131738,10.002451977038959,2.8856648402725114,1.0132202279492049,-5.990076823859226,-8.989231749089754,-5.990076823859226,-8.989231749089754,2.9991549252305276,CORRECT,CORRECT,CORRECT,CORRECT,False,False,no_flip,no_flip
32,calibration,linguistics,4,CORRECT/INCORRECT,Verdict: FALSE,e0c99c534c8923c1bc35893350992fb2d2a141709ed0767588326031557b5ebe,True,-1.8,-1.0,-1.0,11.875,36,14,13.9375,8,1,-2.0625,28,8.875741664131738,10.002451977038959,8.875741664131738,10.002451977038959,2.7854312690978986,1.0150355495716212,-6.090310395033839,-8.987416427467338,-6.090310395033839,-8.987416427467338,2.8971060324334985,CORRECT,CORRECT,CORRECT,CORRECT,False,False,no_flip,no_flip
33,calibration,psychophysics,4,CORRECT/INCORRECT,Verdict: FALSE,e0c99c534c8923c1bc35893350992fb2d2a141709ed0767588326031557b5ebe,True,-1.7,-1.0,-1.0,12.625,15,6,13.9375,7,2,-1.3125,8,11.000601286282063,10.500348079610376,11.000601286282063,10.500348079610376,2.2565264706063317,1.1627182272204664,-8.74407481567573,-9.33762985238991,-8.74407481567573,-9.33762985238991,0.5935550367141786,CORRECT,CORRECT,CORRECT,CORRECT,False,False,no_flip,no_flip
33,calibration,psychophysics,4,CORRECT/INCORRECT,Verdict: FALSE,e0c99c534c8923c1bc35893350992fb2d2a141709ed0767588326031557b5ebe,True,-1.8,-1.0,-1.0,12.625,15,6,13.9375,7,2,-1.3125,8,11.000601286282063,10.500348079610376,11.000601286282063,10.500348079610376,2.2580080112893484,1.3098979225032963,-8.742593274992714,-9.19045015710708,-8.742593274992714,-9.19045015710708,0.44785688211436536,CORRECT,CORRECT,CORRECT,CORRECT,False,False,no_flip,no_flip
34,calibration,statistics,4,CORRECT/INCORRECT,Verdict: TRUE,45d42e561ca90f0d734ab56e3f7bbe6026a137c31956ac16b201249552241faa,True,-1.7,-1.0,-1.0,12.0625,33,11,13.875,10,2,-1.8125,23,10.8754464602996,11.252778328297609,10.8754464602996,11.252778328297609,1.2515121876858757,1.0025912565470207,-9.623934272613724,-10.250187071750588,-9.623934272613724,-10.250187071750588,0.6262527991368643,CORRECT,CORRECT,CORRECT,CORRECT,False,False,no_flip,no_flip
34,calibration,statistics,4,CORRECT/INCORRECT,Verdict: TRUE,45d42e561ca90f0d734ab56e3f7bbe6026a137c31956ac16b201249552241faa,True,-1.8,-1.0,-1.0,12.0625,33,11,13.875,10,2,-1.8125,23,10.8754464602996,11.252778328297609,10.8754464602996,11.252778328297609,1.2515179631009232,1.0025472246634308,-9.623928497198676,-10.250231103634178,-9.623928497198676,-10.250231103634178,0.6263026064355017,CORRECT,CORRECT,CORRECT,CORRECT,False,False,no_flip,no_flip
35,calibration,neuroscience,4,CORRECT/INCORRECT,Verdict: FALSE,e0c99c534c8923c1bc35893350992fb2d2a141709ed0767588326031557b5ebe,True,-1.7,-1.0,-1.0,11.5,38,16,13.625,9,2,-2.125,29,11.37502177468923,9.750065726039793,11.37502177468923,9.750065726039793,1.7532964229030767,0.8872154049749952,-9.621725351786154,-8.862850321064798,-9.621725351786154,-8.862850321064798,-0.7588750307213559,CORRECT,CORRECT,CORRECT,CORRECT,False,False,no_flip,no_flip
35,calibration,neuroscience,4,CORRECT/INCORRECT,Verdict: FALSE,e0c99c534c8923c1bc35893350992fb2d2a141709ed0767588326031557b5ebe,True,-1.8,-1.0,-1.0,11.5,38,16,13.625,9,2,-2.125,29,11.37502177468923,9.750065726039793,11.37502177468923,9.750065726039793,1.7529699506339966,0.885334779828554,-9.622051824055234,-8.864730946211239,-9.622051824055234,-8.864730946211239,-0.7573208778439948,CORRECT,CORRECT,CORRECT,CORRECT,False,False,no_flip,no_flip
36,calibration,statistics,4,CORRECT/INCORRECT,Verdict: TRUE,45d42e561ca90f0d734ab56e3f7bbe6026a137c31956ac16b201249552241faa,True,-1.7,-1.0,-1.0,11.6875,28,10,13.1875,11,2,-1.5,17,2.2500232753372984,1.1250297720907838,2.2500232753372984,1.1250297720907838,0.3855666553863557,0.702138016698882,-1.8644566199509427,-0.4228917553919018,-1.8644566199509427,-0.4228917553919018,-1.4415648645590409,CORRECT,CORRECT,CORRECT,CORRECT,False,False,no_flip,no_flip
36,calibration,statistics,4,CORRECT/INCORRECT,Verdict: TRUE,45d42e561ca90f0d734ab56e3f7bbe6026a137c31956ac16b201249552241faa,True,-1.8,-1.0,-1.0,11.6875,28,10,13.1875,11,2,-1.5,17,2.2500232753372984,1.1250297720907838,2.2500232753372984,1.1250297720907838,0.507585787170683,0.7145842983736657,-1.7424374881666154,-0.41044547371711815,-1.7424374881666154,-0.41044547371711815,-1.3319920144494972,CORRECT,CORRECT,CORRECT,CORRECT,False,False,no_flip,no_flip
37,calibration,psychology,4,CORRECT/INCORRECT,Verdict: FALSE,e0c99c534c8923c1bc35893350992fb2d2a141709ed0767588326031557b5ebe,True,-1.7,-1.0,-1.0,11.8125,23,7,13.9375,8,1,-2.125,15,7.5003957706810525,5.875103721413325,7.5003957706810525,5.875103721413325,1.7418398423178587,0.36595953785581514,-5.758555928363194,-5.50914418355751,-5.758555928363194,-5.50914418355751,-0.24941174480568407,CORRECT,CORRECT,CORRECT,CORRECT,False,False,no_flip,no_flip
37,calibration,psychology,4,CORRECT/INCORRECT,Verdict: FALSE,e0c99c534c8923c1bc35893350992fb2d2a141709ed0767588326031557b5ebe,True,-1.8,-1.0,-1.0,11.8125,23,7,13.9375,8,1,-2.125,15,7.5003957706810525,5.875103721413325,7.5003957706810525,5.875103721413325,1.4941540046711452,0.34564101812429726,-6.006241766009907,-5.529462703289028,-6.006241766009907,-5.529462703289028,-0.47677906272087966,CORRECT,CORRECT,CORRECT,CORRECT,False,False,no_flip,no_flip
38,calibration,psychology,4,CORRECT/INCORRECT,Verdict: TRUE,45d42e561ca90f0d734ab56e3f7bbe6026a137c31956ac16b201249552241faa,True,-1.7,-1.0,-1.0,11.3125,41,12,13.5625,11,2,-2.25,30,9.375244535964839,10.125943664113379,9.375244535964839,10.125943664113379,2.004138713091379,1.1293261919054203,-7.37110582287346,-8.996617472207959,-7.37110582287346,-8.996617472207959,1.6255116493344985,CORRECT,CORRECT,CORRECT,CORRECT,False,False,no_flip,no_flip
38,calibration,psychology,4,CORRECT/INCORRECT,Verdict: TRUE,45d42e561ca90f0d734ab56e3f7bbe6026a137c31956ac16b201249552241faa,True,-1.8,-1.0,-1.0,11.3125,41,12,13.5625,11,2,-2.25,30,9.375244535964839,10.125943664113379,9.375244535964839,10.125943664113379,2.0040809924539644,1.1290201086376328,-7.371163543510875,-8.996923555475746,-7.371163543510875,-8.996923555475746,1.6257600119648714,CORRECT,CORRECT,CORRECT,CORRECT,False,False,no_flip,no_flip
39,calibration,statistics,4,CORRECT/INCORRECT,Verdict: TRUE,45d42e561ca90f0d734ab56e3f7bbe6026a137c31956ac16b201249552241faa,True,-1.7,-1.0,-1.0,11.5,44,14,14.3125,8,2,-2.8125,36,11.62517755561771,11.875195262132479,11.62517755561771,11.875195262132479,1.505272209571558,1.1337412950233556,-10.119905346046153,-10.741453967109123,-10.119905346046153,-10.741453967109123,0.6215486210629706,CORRECT,CORRECT,CORRECT,CORRECT,False,False,no_flip,no_flip
39,calibration,statistics,4,CORRECT/INCORRECT,Verdict: TRUE,45d42e561ca90f0d734ab56e3f7bbe6026a137c31956ac16b201249552241faa,True,-1.8,-1.0,-1.0,11.5,44,14,14.3125,8,2,-2.8125,36,11.62517755561771,11.875195262132479,11.62517755561771,11.875195262132479,1.5055751467152731,1.0095332070195582,-10.119602408902438,-10.86566205511292,-10.119602408902438,-10.86566205511292,0.7460596462104832,CORRECT,CORRECT,CORRECT,CORRECT,False,False,no_flip,no_flip
40,calibration,psychophysics,5,CORRECT/INCORRECT,Verdict: FALSE,e0c99c534c8923c1bc35893350992fb2d2a141709ed0767588326031557b5ebe,True,-1.7,-1.0,-1.0,12.0625,14,6,13.4375,6,1,-1.375,8,-0.49989447437656054,0.8753121106697108,-0.49989447437656054,0.8753121106697108,5.814534596880549,1.6171825470228214,6.314429071257109,0.7418704363531106,6.314429071257109,0.7418704363531106,5.572558634903999,INCORRECT,CORRECT,,,False,False,no_flip,no_flip
40,calibration,psychophysics,5,CORRECT/INCORRECT,Verdict: FALSE,e0c99c534c8923c1bc35893350992fb2d2a141709ed0767588326031557b5ebe,True,-1.8,-1.0,-1.0,12.0625,14,6,13.4375,6,1,-1.375,8,-0.49989447437656054,0.8753121106697108,-0.49989447437656054,0.8753121106697108,5.869683524040738,1.5538388665299863,6.369577998417299,0.6785267558602754,6.369577998417299,0.6785267558602754,5.691051242557023,INCORRECT,CORRECT,,,False,False,no_flip,no_flip
41,calibration,psychology,5,CORRECT/INCORRECT,Verdict: FALSE,e0c99c534c8923c1bc35893350992fb2d2a141709ed0767588326031557b5ebe,True,-1.7,-1.0,-1.0,11.25,42,14,13.5625,11,2,-2.3125,31,8.875186513567314,7.875129714705508,8.875186513567314,7.875129714705508,1.5124023020616733,0.0052545588405337185,-7.362784211505641,-7.869875155864975,-7.362784211505641,-7.869875155864975,0.5070909443593337,CORRECT,CORRECT,CORRECT,INCORRECT,False,True,no_flip,worsened
41,calibration,psychology,5,CORRECT/INCORRECT,Verdict: FALSE,e0c99c534c8923c1bc35893350992fb2d2a141709ed0767588326031557b5ebe,True,-1.8,-1.0,-1.0,11.25,42,14,13.5625,11,2,-2.3125,31,8.875186513567314,7.875129714705508,8.875186513567314,7.875129714705508,1.510317496053176,0.005469245079439133,-7.364869017514138,-7.869660469626069,-7.364869017514138,-7.869660469626069,0.504791452111931,CORRECT,CORRECT,CORRECT,INCORRECT,False,True,no_flip,worsened
42,calibration,neuroscience,5,CORRECT/INCORRECT,Verdict: TRUE,45d42e561ca90f0d734ab56e3f7bbe6026a137c31956ac16b201249552241faa,True,-1.7,-1.0,-1.0,11.875,31,10,14.4375,8,2,-2.5625,23,9.625345819336872,10.000574450855652,9.625345819336872,10.000574450855652,1.1350389565195655,0.3784038069425151,-8.490306862817306,-9.622170643913137,-8.490306862817306,-9.622170643913137,1.1318637810958307,CORRECT,CORRECT,CORRECT,CORRECT,False,False,no_flip,no_flip
42,calibration,neuroscience,5,CORRECT/INCORRECT,Verdict: TRUE,45d42e561ca90f0d734ab56e3f7bbe6026a137c31956ac16b201249552241faa,True,-1.8,-1.0,-1.0,11.875,31,10,14.4375,8,2,-2.5625,23,9.625345819336872,10.000574450855652,9.625345819336872,10.000574450855652,1.1358856665247004,0.25341341146850027,-8.489460152812171,-9.747161039387152,-8.489460152812171,-9.747161039387152,1.2577008865749804,CORRECT,CORRECT,CORRECT,CORRECT,False,False,no_flip,no_flip
43,calibration,neuroscience,5,CORRECT/INCORRECT,Verdict: FALSE,e0c99c534c8923c1bc35893350992fb2d2a141709ed0767588326031557b5ebe,True,-1.7,-1.0,-1.0,12.3125,17,6,13.875,9,2,-1.5625,8,8.375151698004174,9.251144603382727,-8.375151698004174,-9.251144603382727,1.8237134616501862,0.8452012435882352,-6.551438236353988,-8.405943359794492,6.551438236353988,8.405943359794492,-1.8545051234405037,CORRECT,CORRECT,CORRECT,CORRECT,False,False,no_flip,no_flip
43,calibration,neuroscience,5,CORRECT/INCORRECT,Verdict: FALSE,e0c99c534c8923c1bc35893350992fb2d2a141709ed0767588326031557b5ebe,True,-1.8,-1.0,-1.0,12.3125,17,6,13.875,9,2,-1.5625,8,8.375151698004174,9.251144603382727,-8.375151698004174,-9.251144603382727,1.8329539275873685,0.8597808912745677,-6.542197770416806,-8.39136371210816,6.542197770416806,8.39136371210816,-1.8491659416913535,CORRECT,CORRECT,CORRECT,CORRECT,False,False,no_flip,no_flip
44,calibration,statistics,5,CORRECT/INCORRECT,Verdict: TRUE,45d42e561ca90f0d734ab56e3f7bbe6026a137c31956ac16b201249552241faa,True,-1.7,-1.0,-1.0,12.4375,16,5,14.125,9,2,-1.6875,7,5.1253550861367785,6.625692646559855,5.1253550861367785,6.625692646559855,0.4241514034656575,0.707082076871302,-4.701203682671121,-5.918610569688553,-4.701203682671121,-5.918610569688553,1.2174068870174324,CORRECT,CORRECT,CORRECT,CORRECT,False,False,no_flip,no_flip
44,calibration,statistics,5,CORRECT/INCORRECT,Verdict: TRUE,45d42e561ca90f0d734ab56e3f7bbe6026a137c31956ac16b201249552241faa,True,-1.8,-1.0,-1.0,12.4375,16,5,14.125,9,2,-1.6875,7,5.1253550861367785,6.625692646559855,5.1253550861367785,6.625692646559855,0.45255707381875254,0.7551440961833578,-4.672798012318026,-5.870548550376498,-4.672798012318026,-5.870548550376498,1.1977505380584716,CORRECT,CORRECT,CORRECT,CORRECT,False,False,no_flip,no_flip
45,calibration,developmental,5,CORRECT/INCORRECT,Verdict: FALSE,e0c99c534c8923c1bc35893350992fb2d2a141709ed0767588326031557b5ebe,True,-1.7,-1.0,-1.0,12.4375,15,5,13.8125,9,2,-1.375,6,4.250014953194295,6.6257364334851445,4.250014953194295,6.6257364334851445,0.6215162861335557,-0.6689792635734193,-3.6284986670607395,-7.294715697058564,-3.6284986670607395,-7.294715697058564,3.6662170299978243,CORRECT,CORRECT,CORRECT,INCORRECT,False,True,no_flip,worsened
45,calibration,developmental,5,CORRECT/INCORRECT,Verdict: FALSE,e0c99c534c8923c1bc35893350992fb2d2a141709ed0767588326031557b5ebe,True,-1.8,-1.0,-1.0,12.4375,15,5,13.8125,9,2,-1.375,6,4.250014953194295,6.6257364334851445,4.250014953194295,6.6257364334851445,0.6898947336303536,-0.5332629841868766,-3.5601202195639416,-7.158999417672021,-3.5601202195639416,-7.158999417672021,3.5988791981080794,CORRECT,CORRECT,CORRECT,INCORRECT,False,True,no_flip,worsened
46,calibration,statistics,5,CORRECT/INCORRECT,Verdict: TRUE,45d42e561ca90f0d734ab56e3f7bbe6026a137c31956ac16b201249552241faa,True,-1.7,-1.0,-1.0,13.0,13,4,14.25,10,2,-1.25,3,10.875069811980438,9.626398379808052,10.875069811980438,9.626398379808052,0.8833842293097405,1.00779390061507,-9.991685582670698,-8.618604479192982,-9.991685582670698,-8.618604479192982,-1.3730811034777162,CORRECT,CORRECT,CORRECT,CORRECT,False,False,no_flip,no_flip
46,calibration,statistics,5,CORRECT/INCORRECT,Verdict: TRUE,45d42e561ca90f0d734ab56e3f7bbe6026a137c31956ac16b201249552241faa,True,-1.8,-1.0,-1.0,13.0,13,4,14.25,10,2,-1.25,3,10.875069811980438,9.626398379808052,10.875069811980438,9.626398379808052,0.8838202936167363,1.1314666247053538,-9.991249518363702,-8.494931755102698,-9.991249518363702,-8.494931755102698,-1.496317763261004,CORRECT,CORRECT,CORRECT,CORRECT,False,False,no_flip,no_flip
47,calibration,psychophysics,5,CORRECT/INCORRECT,Verdict: TRUE,45d42e561ca90f0d734ab56e3f7bbe6026a137c31956ac16b201249552241faa,True,-1.7,-1.0,-1.0,12.25,23,6,13.875,10,3,-1.625,13,11.625159153773211,11.376344626944729,11.625159153773211,11.376344626944729,2.503236160504457,1.6281505159568042,-9.121922993268754,-9.748194110987924,-9.121922993268754,-9.748194110987924,0.6262711177191704,CORRECT,CORRECT,CORRECT,CORRECT,False,False,no_flip,no_flip
47,calibration,psychophysics,5,CORRECT/INCORRECT,Verdict: TRUE,45d42e561ca90f0d734ab56e3f7bbe6026a137c31956ac16b201249552241faa,True,-1.8,-1.0,-1.0,12.25,23,6,13.875,10,3,-1.625,13,11.625159153773211,11.376344626944729,11.625159153773211,11.376344626944729,2.503337880189065,1.753506367749651,-9.121821273584146,-9.622838259195078,-9.121821273584146,-9.622838259195078,0.5010169856109314,CORRECT,CORRECT,CORRECT,CORRECT,False,False,no_flip,no_flip
48,calibration,psychophysics,5,CORRECT/INCORRECT,Verdict: FALSE,e0c99c534c8923c1bc35893350992fb2d2a141709ed0767588326031557b5ebe,True,-1.7,-1.0,-1.0,12.8125,14,5,14.375,4,1,-1.5625,10,6.250358841554998,7.7503408797733755,6.250358841554998,7.7503408797733755,1.0095430181536358,0.3801834278856404,-5.240815823401363,-7.370157451887735,-5.240815823401363,-7.370157451887735,2.1293416284863724,CORRECT,CORRECT,CORRECT,CORRECT,False,False,no_flip,no_flip
48,calibration,psychophysics,5,CORRECT/INCORRECT,Verdict: FALSE,e0c99c534c8923c1bc35893350992fb2d2a141709ed0767588326031557b5ebe,True,-1.8,-1.0,-1.0,12.8125,14,5,14.375,4,1,-1.5625,10,6.250358841554998,7.7503408797733755,6.250358841554998,7.7503408797733755,1.134475701037445,0.37982145420392044,-5.115883140517553,-7.370519425569455,-5.115883140517553,-7.370519425569455,2.2546362850519017,CORRECT,CORRECT,CORRECT,CORRECT,False,False,no_flip,no_flip
49,calibration,neuroscience,5,CORRECT/INCORRECT,Verdict: FALSE,e0c99c534c8923c1bc35893350992fb2d2a141709ed0767588326031557b5ebe,True,-1.7,-1.0,-1.0,12.1875,26,8,13.75,9,2,-1.5625,17,8.125567155098338,8.876896744629903,8.125567155098338,8.876896744629903,2.6002987876345287,0.8945489239267772,-5.525268367463809,-7.982347820703126,-5.525268367463809,-7.982347820703126,2.4570794532393165,CORRECT,CORRECT,CORRECT,CORRECT,False,False,no_flip,no_flip
49,calibration,neuroscience,5,CORRECT/INCORRECT,Verdict: FALSE,e0c99c534c8923c1bc35893350992fb2d2a141709ed0767588326031557b5ebe,True,-1.8,-1.0,-1.0,12.1875,26,8,13.75,9,2,-1.5625,17,8.125567155098338,8.876896744629903,8.125567155098338,8.876896744629903,2.6209067732997937,0.892893334836117,-5.504660381798544,-7.984003409793786,-5.504660381798544,-7.984003409793786,2.4793430279952418,CORRECT,CORRECT,CORRECT,CORRECT,False,False,no_flip,no_flip
50,calibration,psychology,5,CORRECT/INCORRECT,Verdict: FALSE,e0c99c534c8923c1bc35893350992fb2d2a141709ed0767588326031557b5ebe,True,-1.7,-1.0,-1.0,12.625,15,6,13.5625,10,2,-0.9375,5,4.375063454910105,6.001403741977356,4.375063454910105,6.001403741977356,1.3012357316474663,0.6316948200110346,-3.0738277232626388,-5.369708921966321,-3.0738277232626388,-5.369708921966321,2.2958811987036825,CORRECT,CORRECT,CORRECT,CORRECT,False,False,no_flip,no_flip
50,calibration,psychology,5,CORRECT/INCORRECT,Verdict: FALSE,e0c99c534c8923c1bc35893350992fb2d2a141709ed0767588326031557b5ebe,True,-1.8,-1.0,-1.0,12.625,15,6,13.5625,10,2,-0.9375,5,4.375063454910105,6.001403741977356,4.375063454910105,6.001403741977356,1.169417650642572,0.5072383015940432,-3.205645804267533,-5.494165440383313,-3.205645804267533,-5.494165440383313,2.2885196361157796,CORRECT,CORRECT,CORRECT,CORRECT,False,False,no_flip,no_flip
51,calibration,psychophysics,5,CORRECT/INCORRECT,Verdict: TRUE,45d42e561ca90f0d734ab56e3f7bbe6026a137c31956ac16b201249552241faa,True,-1.7,-1.0,-1.0,12.0,22,9,13.625,9,2,-1.625,13,7.751434753484318,10.75097599748824,7.751434753484318,10.75097599748824,1.412665363663109,0.8788643623993266,-6.338769389821209,-9.872111635088913,-6.338769389821209,-9.872111635088913,3.533342245267704,CORRECT,CORRECT,CORRECT,CORRECT,False,False,no_flip,no_flip
51,calibration,psychophysics,5,CORRECT/INCORRECT,Verdict: TRUE,45d42e561ca90f0d734ab56e3f7bbe6026a137c31956ac16b201249552241faa,True,-1.8,-1.0,-1.0,12.0,22,9,13.625,9,2,-1.625,13,7.751434753484318,10.75097599748824,7.751434753484318,10.75097599748824,1.413583332207054,1.0042568603239488,-6.337851421277264,-9.746719137164291,-6.337851421277264,-9.746719137164291,3.408867715887027,CORRECT,CORRECT,CORRECT,CORRECT,False,False,no_flip,no_flip
52,calibration,philosophy,5,CORRECT/INCORRECT,Verdict: TRUE,45d42e561ca90f0d734ab56e3f7bbe6026a137c31956ac16b201249552241faa,True,-1.7,-1.0,-1.0,11.4375,46,13,13.75,9,2,-2.3125,37,11.375044955195563,11.375639516205638,11.375044955195563,11.375639516205638,1.7533152208052343,1.3796193255548133,-9.621729734390328,-9.996020190650825,-9.621729734390328,-9.996020190650825,0.3742904562604963,CORRECT,CORRECT,CORRECT,CORRECT,False,False,no_flip,no_flip
52,calibration,philosophy,5,CORRECT/INCORRECT,Verdict: TRUE,45d42e561ca90f0d734ab56e3f7bbe6026a137c31956ac16b201249552241faa,True,-1.8,-1.0,-1.0,11.4375,46,13,13.75,9,2,-2.3125,37,11.375044955195563,11.375639516205638,11.375044955195563,11.375639516205638,1.8786058159457752,1.3792276359454263,-9.496439139249787,-9.996411880260212,-9.496439139249787,-9.996411880260212,0.4999727410104242,CORRECT,CORRECT,CORRECT,CORRECT,False,False,no_flip,no_flip
53,calibration,psychometrics,5,CORRECT/INCORRECT,Verdict: FALSE,e0c99c534c8923c1bc35893350992fb2d2a141709ed0767588326031557b5ebe,True,-1.7,-1.0,-1.0,12.1875,31,11,13.8125,11,3,-1.625,20,8.50008092629173,9.62521005130236,8.50008092629173,9.62521005130236,2.85787750959571,0.8652120214537717,-5.64220341669602,-8.759998029848589,-5.64220341669602,-8.759998029848589,3.1177946131525687,CORRECT,CORRECT,CORRECT,CORRECT,False,False,no_flip,no_flip
53,calibration,psychometrics,5,CORRECT/INCORRECT,Verdict: FALSE,e0c99c534c8923c1bc35893350992fb2d2a141709ed0767588326031557b5ebe,True,-1.8,-1.0,-1.0,12.1875,31,11,13.8125,11,3,-1.625,20,8.50008092629173,9.62521005130236,8.50008092629173,9.62521005130236,2.835240141110262,0.7411869876668788,-5.664840785181468,-8.884023063635482,-5.664840785181468,-8.884023063635482,3.2191822784540136,CORRECT,CORRECT,CORRECT,CORRECT,False,False,no_flip,no_flip
54,calibration,psychophysics,5,CORRECT/INCORRECT,Verdict: TRUE,45d42e561ca90f0d734ab56e3f7bbe6026a137c31956ac16b201249552241faa,True,-1.7,-1.0,-1.0,11.0625,53,17,13.125,13,3,-2.0625,40,8.500451327717315,10.252160659700849,8.500451327717315,10.252160659700849,1.1218644265463809,3.065228038409259,-7.378586901170934,-7.186932621291589,-7.378586901170934,-7.186932621291589,-0.19165427987934436,CORRECT,CORRECT,CORRECT,CORRECT,False,False,no_flip,no_flip
54,calibration,psychophysics,5,CORRECT/INCORRECT,Verdict: TRUE,45d42e561ca90f0d734ab56e3f7bbe6026a137c31956ac16b201249552241faa,True,-1.8,-1.0,-1.0,11.0625,53,17,13.125,13,3,-2.0625,40,8.500451327717315,10.252160659700849,8.500451327717315,10.252160659700849,1.077993571801926,2.822478417234379,-7.422457755915389,-7.42968224246647,-7.422457755915389,-7.42968224246647,0.0072244865510811,CORRECT,CORRECT,CORRECT,,False,False,no_flip,no_flip
55,calibration,neuroscience,5,CORRECT/INCORRECT,Verdict: TRUE,45d42e561ca90f0d734ab56e3f7bbe6026a137c31956ac16b201249552241faa,True,-1.7,-1.0,-1.0,11.9375,27,8,13.9375,10,2,-2.0,17,8.500458278497263,9.500684037519477,8.500458278497263,9.500684037519477,1.5019952041911893,1.0030874982476234,-6.998463074306073,-8.497596539271854,-6.998463074306073,-8.497596539271854,1.4991334649657801,CORRECT,CORRECT,CORRECT,CORRECT,False,False,no_flip,no_flip
55,calibration,neuroscience,5,CORRECT/INCORRECT,Verdict: TRUE,45d42e561ca90f0d734ab56e3f7bbe6026a137c31956ac16b201249552241faa,True,-1.8,-1.0,-1.0,11.9375,27,8,13.9375,10,2,-2.0,17,8.500458278497263,9.500684037519477,8.500458278497263,9.500684037519477,1.5022155269834911,1.0033624969073571,-6.9982427515137715,-8.49732154061212,-6.9982427515137715,-8.49732154061212,1.4990787890983484,CORRECT,CORRECT,CORRECT,CORRECT,False,False,no_flip,no_flip
56,calibration,psychology,6,CORRECT/INCORRECT,Verdict: FALSE,e0c99c534c8923c1bc35893350992fb2d2a141709ed0767588326031557b5ebe,True,-1.7,-1.0,-1.0,11.75,38,13,13.875,9,3,-2.125,29,5.125055313845223,4.500069771150265,5.125055313845223,4.500069771150265,-0.385637117215083,-0.81121497717686,-5.510692431060306,-5.311284748327125,-5.510692431060306,-5.311284748327125,-0.199407682733181,CORRECT,CORRECT,INCORRECT,INCORRECT,True,True,worsened,worsened
56,calibration,psychology,6,CORRECT/INCORRECT,Verdict: FALSE,e0c99c534c8923c1bc35893350992fb2d2a141709ed0767588326031557b5ebe,True,-1.8,-1.0,-1.0,11.75,38,13,13.875,9,3,-2.125,29,5.125055313845223,4.500069771150265,5.125055313845223,4.500069771150265,-0.37969293745118193,-0.8058243936684448,-5.504748251296405,-5.30589416481871,-5.504748251296405,-5.30589416481871,-0.1988540864776951,CORRECT,CORRECT,INCORRECT,INCORRECT,True,True,worsened,worsened
57,calibration,statistics,6,CORRECT/INCORRECT,Verdict: FALSE,e0c99c534c8923c1bc35893350992fb2d2a141709ed0767588326031557b5ebe,True,-1.7,-1.0,-1.0,12.0625,14,5,13.75,8,1,-1.6875,6,3.875021334595658,4.625063619343564,-3.875021334595658,-4.625063619343564,-0.23600510240066797,0.3981632164795883,-4.111026436996326,-4.226900402863976,4.111026436996326,4.226900402863976,-0.11587396586764953,CORRECT,CORRECT,INCORRECT,INCORRECT,True,True,improved,improved
57,calibration,statistics,6,CORRECT/INCORRECT,Verdict: FALSE,e0c99c534c8923c1bc35893350992fb2d2a141709ed0767588326031557b5ebe,True,-1.8,-1.0,-1.0,12.0625,14,5,13.75,8,1,-1.6875,6,3.875021334595658,4.625063619343564,-3.875021334595658,-4.625063619343564,-0.11057979955512565,0.6440989182156045,-3.9856011341507838,-3.9809647011279594,3.9856011341507838,3.9809647011279594,0.004636433022824349,CORRECT,CORRECT,INCORRECT,,True,False,improved,no_flip
58,calibration,neuropsychology,6,CORRECT/INCORRECT,Verdict: FALSE,e0c99c534c8923c1bc35893350992fb2d2a141709ed0767588326031557b5ebe,True,-1.7,-1.0,-1.0,11.4375,42,15,13.625,9,2,-2.1875,33,9.25016114563823,9.500131395183189,9.25016114563823,9.500131395183189,2.2548642089022906,1.0023214523971546,-6.99529693673594,-8.497809942786034,-6.99529693673594,-8.497809942786034,1.5025130060500942,CORRECT,CORRECT,CORRECT,CORRECT,False,False,no_flip,no_flip
58,calibration,neuropsychology,6,CORRECT/INCORRECT,Verdict: FALSE,e0c99c534c8923c1bc35893350992fb2d2a141709ed0767588326031557b5ebe,True,-1.8,-1.0,-1.0,11.4375,42,15,13.625,9,2,-2.1875,33,9.25016114563823,9.500131395183189,9.25016114563823,9.500131395183189,2.255054823421233,1.002280906017404,-6.995106322216998,-8.497850489165785,-6.995106322216998,-8.497850489165785,1.502744166948787,CORRECT,CORRECT,CORRECT,CORRECT,False,False,no_flip,no_flip
59,calibration,economics,6,CORRECT/INCORRECT,Verdict: TRUE,45d42e561ca90f0d734ab56e3f7bbe6026a137c31956ac16b201249552241faa,True,-1.7,-1.0,-1.0,10.4375,86,28,13.6875,12,3,-3.25,74,9.750163486846418,11.125212182084056,9.750163486846418,11.125212182084056,1.6337217937834794,0.882518474914832,-8.116441693062939,-10.242693707169224,-8.116441693062939,-10.242693707169224,2.126252014106285,CORRECT,CORRECT,CORRECT,CORRECT,False,False,no_flip,no_flip
59,calibration,economics,6,CORRECT/INCORRECT,Verdict: TRUE,45d42e561ca90f0d734ab56e3f7bbe6026a137c31956ac16b201249552241faa,True,-1.8,-1.0,-1.0,10.4375,86,28,13.6875,12,3,-3.25,74,9.750163486846418,11.125212182084056,9.750163486846418,11.125212182084056,1.6326341725507518,0.8826231125567574,-8.117529314295666,-10.242589069527298,-8.117529314295666,-10.242589069527298,2.125059755231632,CORRECT,CORRECT,CORRECT,CORRECT,False,False,no_flip,no_flip
60,calibration,psychology,6,CORRECT/INCORRECT,Verdict: FALSE,e0c99c534c8923c1bc35893350992fb2d2a141709ed0767588326031557b5ebe,True,-1.7,-1.0,-1.0,12.5,25,10,13.5,11,3,-1.0,14,5.125047947107987,5.875222842359108,5.125047947107987,5.875222842359108,2.66321883888304,-0.3115810465242248,-2.461829108224947,-6.1868038888833325,-2.461829108224947,-6.1868038888833325,3.7249747806583855,CORRECT,CORRECT,CORRECT,INCORRECT,False,True,no_flip,worsened
60,calibration,psychology,6,CORRECT/INCORRECT,Verdict: FALSE,e0c99c534c8923c1bc35893350992fb2d2a141709ed0767588326031557b5ebe,True,-1.8,-1.0,-1.0,12.5,25,10,13.5,11,3,-1.0,14,5.125047947107987,5.875222842359108,5.125047947107987,5.875222842359108,2.5756965060936636,-0.41929149089264683,-2.5493514410143234,-6.294514333251755,-2.5493514410143234,-6.294514333251755,3.745162892237431,CORRECT,CORRECT,CORRECT,INCORRECT,False,True,no_flip,worsened
61,calibration,psychology,6,CORRECT/INCORRECT,Verdict: TRUE,45d42e561ca90f0d734ab56e3f7bbe6026a137c31956ac16b201249552241faa,True,-1.7,-1.0,-1.0,11.0,53,17,13.4375,12,3,-2.4375,41,3.125123210507354,3.125201864462724,3.125123210507354,3.125201864462724,0.280127930251183,-0.20442822479526512,-2.844995280256171,-3.3296300892579893,-2.844995280256171,-3.3296300892579893,0.4846348090018182,CORRECT,CORRECT,CORRECT,INCORRECT,False,True,no_flip,worsened
61,calibration,psychology,6,CORRECT/INCORRECT,Verdict: TRUE,45d42e561ca90f0d734ab56e3f7bbe6026a137c31956ac16b201249552241faa,True,-1.8,-1.0,-1.0,11.0,53,17,13.4375,12,3,-2.4375,41,3.125123210507354,3.125201864462724,3.125123210507354,3.125201864462724,0.28628515248419717,-0.20785131413140334,-2.838838058023157,-3.3330531785941275,-2.838838058023157,-3.3330531785941275,0.4942151205709706,CORRECT,CORRECT,CORRECT,INCORRECT,False,True,no_flip,worsened
62,calibration,methodology,6,CORRECT/INCORRECT,Verdict: FALSE,e0c99c534c8923c1bc35893350992fb2d2a141709ed0767588326031557b5ebe,True,-1.7,-1.0,-1.0,12.0625,21,7,13.5625,8,1,-1.5,13,4.750041475013404,5.250102752987459,4.750041475013404,5.250102752987459,0.09367221833963413,-0.7228038962639403,-4.65636925667377,-5.972906649251399,-4.65636925667377,-5.972906649251399,1.3165373925776294,CORRECT,CORRECT,INCORRECT,INCORRECT,True,True,worsened,worsened
62,calibration,methodology,6,CORRECT/INCORRECT,Verdict: FALSE,e0c99c534c8923c1bc35893350992fb2d2a141709ed0767588326031557b5ebe,True,-1.8,-1.0,-1.0,12.0625,21,7,13.5625,8,1,-1.5,13,4.750041475013404,5.250102752987459,4.750041475013404,5.250102752987459,0.09318859447375871,-0.7206236181664281,-4.656852880539645,-5.970726371153887,-4.656852880539645,-5.970726371153887,1.3138734906142417,CORRECT,CORRECT,INCORRECT,INCORRECT,True,True,worsened,worsened
63,calibration,neuroscience,6,CORRECT/INCORRECT,Verdict: FALSE,e0c99c534c8923c1bc35893350992fb2d2a141709ed0767588326031557b5ebe,True,-1.7,-1.0,-1.0,11.75,24,7,13.4375,9,2,-1.6875,15,4.000033922099192,5.0001725613255985,4.000033922099192,5.0001725613255985,1.1666157501895213,0.4245794553135056,-2.8334181719096705,-4.575593106012093,-2.8334181719096705,-4.575593106012093,1.7421749341024224,CORRECT,CORRECT,CORRECT,CORRECT,False,False,no_flip,no_flip
63,calibration,neuroscience,6,CORRECT/INCORRECT,Verdict: FALSE,e0c99c534c8923c1bc35893350992fb2d2a141709ed0767588326031557b5ebe,True,-1.8,-1.0,-1.0,11.75,24,7,13.4375,9,2,-1.6875,15,4.000033922099192,5.0001725613255985,4.000033922099192,5.0001725613255985,1.0454311479406897,0.41790175475762226,-2.954602774158502,-4.582270806567976,-2.954602774158502,-4.582270806567976,1.627668032409474,CORRECT,CORRECT,CORRECT,CORRECT,False,False,no_flip,no_flip
64,calibration,linguistics,6,CORRECT/INCORRECT,Verdict: TRUE,45d42e561ca90f0d734ab56e3f7bbe6026a137c31956ac16b201249552241faa,True,-1.7,-1.0,-1.0,11.4375,48,15,14.25,10,2,-2.8125,38,10.000375862480894,10.625822791342557,10.000375862480894,10.625822791342557,2.2965778648213018,1.2993280433584005,-7.703797997659592,-9.326494747984157,-7.703797997659592,-9.326494747984157,1.6226967503245646,CORRECT,CORRECT,CORRECT,CORRECT,False,False,no_flip,no_flip
64,calibration,linguistics,6,CORRECT/INCORRECT,Verdict: TRUE,45d42e561ca90f0d734ab56e3f7bbe6026a137c31956ac16b201249552241faa,True,-1.8,-1.0,-1.0,11.4375,48,15,14.25,10,2,-2.8125,38,10.000375862480894,10.625822791342557,10.000375862480894,10.625822791342557,2.183251051494153,1.294321547378786,-7.817124810986741,-9.331501243963771,-7.817124810986741,-9.331501243963771,1.5143764329770306,CORRECT,CORRECT,CORRECT,CORRECT,False,False,no_flip,no_flip
65,calibration,psychophysics,6,CORRECT/INCORRECT,Verdict: FALSE,e0c99c534c8923c1bc35893350992fb2d2a141709ed0767588326031557b5ebe,True,-1.7,-1.0,-1.0,12.1875,14,5,14.3125,6,1,-2.125,8,0.7501693529934528,0.7503462794579718,0.7501693529934528,0.7503462794579718,-0.47719175249221735,-0.8201621411717497,-1.2273611054856701,-1.5705084206297215,-1.2273611054856701,-1.5705084206297215,0.3431473151440514,CORRECT,CORRECT,INCORRECT,INCORRECT,True,True,worsened,worsened
65,calibration,psychophysics,6,CORRECT/INCORRECT,Verdict: FALSE,e0c99c534c8923c1bc35893350992fb2d2a141709ed0767588326031557b5ebe,True,-1.8,-1.0,-1.0,12.1875,14,5,14.3125,6,1,-2.125,8,0.7501693529934528,0.7503462794579718,0.7501693529934528,0.7503462794579718,-0.4788373978517484,-0.8046914592850953,-1.2290067508452012,-1.5550377387430672,-1.2290067508452012,-1.5550377387430672,0.326030987897866,CORRECT,CORRECT,INCORRECT,INCORRECT,True,True,worsened,worsened
66,prospective,chemistry,easy,PASS/FAIL,"The chemical symbol for sodium is **Na**.

",dd8e46b3f2c4c10b3521d6832237235f17b951515acf0234291151436d593ed4,True,-1.7,-1.0,-1.0,12.25,27,5,11.25,45,14,1.0,-18,12.250000238445864,10.499999523613951,12.250000238445864,10.499999523613951,2.437499985098839,2.062500089406967,-9.812500253347025,-8.437499434206984,-9.812500253347025,-8.437499434206984,-1.3750008191400411,PASS,PASS,PASS,PASS,False,False,no_flip,no_flip
66,prospective,chemistry,easy,PASS/FAIL,"The chemical symbol for sodium is **Na**.

",dd8e46b3f2c4c10b3521d6832237235f17b951515acf0234291151436d593ed4,True,-1.8,-1.0,-1.0,12.25,27,5,11.25,45,14,1.0,-18,12.250000238445864,10.499999523613951,12.250000238445864,10.499999523613951,2.5000000298023224,2.1250000298023224,-9.750000208643542,-8.374999493811629,-9.750000208643542,-8.374999493811629,-1.3750007148319128,PASS,PASS,PASS,PASS,False,False,no_flip,no_flip
67,prospective,history,easy,PASS/FAIL,"World War II ended in **1945**.

",bea91a766cb55f1289d0ae60f95dfb3dc9fbf6722db7f712871d5ad00f3111be,True,-1.7,-1.0,-1.0,12.0,39,7,11.1875,47,13,0.8125,-8,13.125000357647878,10.12499988167474,13.125000357647878,10.12499988167474,2.187499985098839,1.6249999701976776,-10.937500372549039,-8.499999911477062,-10.937500372549039,-8.499999911477062,-2.437500461071977,PASS,PASS,PASS,PASS,False,False,no_flip,no_flip
67,prospective,history,easy,PASS/FAIL,"World War II ended in **1945**.

",bea91a766cb55f1289d0ae60f95dfb3dc9fbf6722db7f712871d5ad00f3111be,True,-1.8,-1.0,-1.0,12.0,39,7,11.1875,47,13,0.8125,-8,13.125000357647878,10.12499988167474,13.125000357647878,10.12499988167474,2.1250000596046448,1.625,-11.000000298043233,-8.49999988167474,-11.000000298043233,-8.49999988167474,-2.5000004163684935,PASS,PASS,PASS,PASS,False,False,no_flip,no_flip
68,prospective,psychology,medium,PASS/FAIL,"The phenomenon is known as the **Dunning-Kruger effect**.

",1e3ea3de7eb1d0ed195547456c351ff172fac4236ed7ef5471e99b1b4c4f4ef6,True,-1.7,-1.0,-1.0,13.0,14,3,10.3125,59,15,2.6875,-45,0.0,0.125,0.0,0.125,0.375,0.125,0.375,0.0,0.375,0.0,0.375,FAIL,PASS,PASS,PASS,True,False,improved,no_flip
68,prospective,psychology,medium,PASS/FAIL,"The phenomenon is known as the **Dunning-Kruger effect**.

",1e3ea3de7eb1d0ed195547456c351ff172fac4236ed7ef5471e99b1b4c4f4ef6,True,-1.8,-1.0,-1.0,13.0,14,3,10.3125,59,15,2.6875,-45,0.0,0.125,0.0,0.125,0.375,0.125,0.375,0.0,0.375,0.0,0.375,FAIL,PASS,PASS,PASS,True,False,improved,no_flip
69,prospective,psychology,medium,PASS/FAIL,"In Stanley Milgram's original obedience experiment (conducted in 1961 at Yale University), **65%** of participants administered the maximum shock of 450 volts.

",42769ace0c79925b060f7859c13ff4dc8ec4efab15898cf9ac13bcf66cb980f0,True,-1.7,-1.0,-1.0,12.625,20,3,10.9375,28,11,1.6875,-8,10.374999523737642,8.749999774299795,10.374999523737642,8.749999774299795,0.9999999701976776,0.875,-9.374999553539965,-7.874999774299795,-9.374999553539965,-7.874999774299795,-1.49999977924017,PASS,PASS,PASS,PASS,False,False,no_flip,no_flip
69,prospective,psychology,medium,PASS/FAIL,"In Stanley Milgram's original obedience experiment (conducted in 1961 at Yale University), **65%** of participants administered the maximum shock of 450 volts.

",42769ace0c79925b060f7859c13ff4dc8ec4efab15898cf9ac13bcf66cb980f0,True,-1.8,-1.0,-1.0,12.625,20,3,10.9375,28,11,1.6875,-8,10.374999523737642,8.749999774299795,10.374999523737642,8.749999774299795,1.0000000298023224,0.8750000596046448,-9.37499949393532,-7.87499971469515,-9.37499949393532,-7.87499971469515,-1.49999977924017,PASS,PASS,PASS,PASS,False,False,no_flip,no_flip
70,prospective,psychophysics,hard,PASS/FAIL,"In the unequal-variance Signal Detection Theory (SDT) model, when the signal distribution has a greater variance than the noise distribution ($\sigma_s > \sigma_n$), the relationship between $d_a$ and $d'$ is",fd961b6725eed42a07e9ea49f6b9a187bb57812ec6b52d1b1153a4b9730ebf35,True,-1.7,-1.0,-1.0,12.625,18,3,10.875,13,6,1.75,5,-2.499999925494194,-3.624999936670065,2.499999925494194,3.624999936670065,-0.375,-1.0,2.124999925494194,2.624999936670065,-2.124999925494194,-2.624999936670065,0.5000000111758709,FAIL,FAIL,FAIL,FAIL,False,False,no_flip,no_flip
70,prospective,psychophysics,hard,PASS/FAIL,"In the unequal-variance Signal Detection Theory (SDT) model, when the signal distribution has a greater variance than the noise distribution ($\sigma_s > \sigma_n$), the relationship between $d_a$ and $d'$ is",fd961b6725eed42a07e9ea49f6b9a187bb57812ec6b52d1b1153a4b9730ebf35,True,-1.8,-1.0,-1.0,12.625,18,3,10.875,13,6,1.75,5,-2.499999925494194,-3.624999936670065,2.499999925494194,3.624999936670065,-0.375,-1.0,2.124999925494194,2.624999936670065,-2.124999925494194,-2.624999936670065,0.5000000111758709,FAIL,FAIL,FAIL,FAIL,False,False,no_flip,no_flip
71,prospective,developmental,medium,PASS/FAIL,"Based on the paper **""Learning a Theory of Objects"" by Kemp, Perfors, and Tenenbaum (2007)**, here is the deduction and answer regarding the specific term used.

",41c26a7da337854b886c0f87eb444629e86c6cdd93e12cd3fb436dca9fa3519f,True,-1.7,-1.0,-1.0,12.8125,16,3,9.5625,105,50,3.25,-89,-1.125,-3.1249998845160007,1.125,3.1249998845160007,0.1875,0.4999999403953552,1.3125,3.624999824911356,-1.3125,-3.624999824911356,2.312499824911356,FAIL,FAIL,PASS,PASS,True,True,worsened,worsened
71,prospective,developmental,medium,PASS/FAIL,"Based on the paper **""Learning a Theory of Objects"" by Kemp, Perfors, and Tenenbaum (2007)**, here is the deduction and answer regarding the specific term used.

",41c26a7da337854b886c0f87eb444629e86c6cdd93e12cd3fb436dca9fa3519f,True,-1.8,-1.0,-1.0,12.8125,16,3,9.5625,105,50,3.25,-89,-1.125,-3.1249998845160007,1.125,3.1249998845160007,0.1875,0.5000000596046448,1.3125,3.6249999441206455,-1.3125,-3.6249999441206455,2.3124999441206455,FAIL,FAIL,PASS,PASS,True,True,worsened,worsened
72,prospective,methodology,hard,PASS/FAIL,"The Open Science Collaboration (OSC) reported a replication success rate of **36%** (specifically 35.9%) for the psychology studies they attempted to replicate.

",de931cd29cc3995b1e6a59b41258a3df560ad9a4bef7732eeae4b8e3d857458f,True,-1.7,-1.0,-1.0,12.8125,18,3,11.0625,32,12,1.75,-14,8.999999769410351,7.3749998394050635,8.999999769410351,7.3749998394050635,0.7500000596046448,0.375,-8.249999709805707,-6.9999998394050635,-8.249999709805707,-6.9999998394050635,-1.249999870400643,PASS,PASS,PASS,PASS,False,False,no_flip,no_flip
72,prospective,methodology,hard,PASS/FAIL,"The Open Science Collaboration (OSC) reported a replication success rate of **36%** (specifically 35.9%) for the psychology studies they attempted to replicate.

",de931cd29cc3995b1e6a59b41258a3df560ad9a4bef7732eeae4b8e3d857458f,True,-1.8,-1.0,-1.0,12.8125,18,3,11.0625,32,12,1.75,-14,8.999999769410351,7.3749998394050635,8.999999769410351,7.3749998394050635,0.7500000596046448,0.25,-8.249999709805707,-7.1249998394050635,-8.249999709805707,-7.1249998394050635,-1.124999870400643,PASS,PASS,PASS,PASS,False,False,no_flip,no_flip
73,prospective,neuroscience,hard,PASS/FAIL,"Based on the study by Crewther and Hugrass (2012), titled *""Dissociation of the magnocellular and parvocellular pathways using a novel visual stimulus,""* the visual phenomenon used to demonstrate M/P",c80f5b93f308523ea746fd8704f7e5fb8a03b869786ff037e4b96465ccf206d1,True,-1.7,-1.0,-1.0,12.875,14,1,10.5,34,11,2.375,-20,-2.1250000968575478,-1.8749999105930328,2.1250000968575478,1.8749999105930328,-0.4375,-0.125,1.6875000968575478,1.7499999105930328,-1.6875000968575478,-1.7499999105930328,0.06249981373548508,FAIL,FAIL,FAIL,FAIL,False,False,no_flip,no_flip
73,prospective,neuroscience,hard,PASS/FAIL,"Based on the study by Crewther and Hugrass (2012), titled *""Dissociation of the magnocellular and parvocellular pathways using a novel visual stimulus,""* the visual phenomenon used to demonstrate M/P",c80f5b93f308523ea746fd8704f7e5fb8a03b869786ff037e4b96465ccf206d1,True,-1.8,-1.0,-1.0,12.875,14,1,10.5,34,11,2.375,-20,-2.1250000968575478,-1.8749999105930328,2.1250000968575478,1.8749999105930328,-0.5000000596046448,0.0,1.625000037252903,1.8749999105930328,-1.625000037252903,-1.8749999105930328,0.24999987334012985,FAIL,FAIL,FAIL,FAIL,False,False,no_flip,no_flip
82,knowledge_boundary,biology,know,PASS/FAIL,"Based on biological science, here is the answer to your question:

",b7420c528bdda63d4fcb3f4e33f9e16e896badbfb596e91898a093cf4713ee80,True,-1.7,-1.0,-1.0,10.875,44,7,9.1875,96,36,1.6875,-52,-0.625,-2.000000074505806,0.625,2.000000074505806,0.5625,0.18749994039535522,1.1875,2.187500014901161,-1.1875,-2.187500014901161,1.0000000149011612,FAIL,FAIL,PASS,PASS,True,True,worsened,worsened
82,knowledge_boundary,biology,know,PASS/FAIL,"Based on biological science, here is the answer to your question:

",b7420c528bdda63d4fcb3f4e33f9e16e896badbfb596e91898a093cf4713ee80,True,-1.8,-1.0,-1.0,10.875,44,7,9.1875,96,36,1.6875,-52,-0.625,-2.000000074505806,0.625,2.000000074505806,0.5625000596046448,0.18750005960464478,1.1875000596046448,2.1875001341104507,-1.1875000596046448,-2.1875001341104507,1.000000074505806,FAIL,FAIL,PASS,PASS,True,True,worsened,worsened
83,knowledge_boundary,psychology,know,PASS/FAIL,"**Sigmund Freud** is considered the father of psychoanalysis.

",1095f7294195f8ce785f6a2870804c1c083fbf895d13087e73d96794f4d02f6f,True,-1.7,-1.0,-1.0,12.75,23,4,10.625,61,18,2.125,-38,14.625000357631052,13.499999880798441,14.625000357631052,13.499999880798441,1.6875000298023224,1.9375000447034836,-12.93750032782873,-11.562499836094958,-12.93750032782873,-11.562499836094958,-1.375000491733772,PASS,PASS,PASS,PASS,False,False,no_flip,no_flip
83,knowledge_boundary,psychology,know,PASS/FAIL,"**Sigmund Freud** is considered the father of psychoanalysis.

",1095f7294195f8ce785f6a2870804c1c083fbf895d13087e73d96794f4d02f6f,True,-1.8,-1.0,-1.0,12.75,23,4,10.625,61,18,2.125,-38,14.625000357631052,13.499999880798441,14.625000357631052,13.499999880798441,1.6875000149011612,1.8750000149011612,-12.93750034272989,-11.62499986589728,-12.93750034272989,-11.62499986589728,-1.3125004768326107,PASS,PASS,PASS,PASS,False,False,no_flip,no_flip
84,knowledge_boundary,metacognition,boundary,PASS/FAIL,"Based on the framework established by Nelson and Narens in their 1990 paper, *""Metamemory: A Theoretical Framework and New Findings,""* the relationship between the **meta-level** (the system that monitors",a2bd41a1c3a185d2987417b43f40ac1a8a9dcb697e5365321a47655ad24efccb,True,-1.7,-1.0,-1.0,12.125,24,6,9.5625,56,22,2.5625,-32,-2.2500000819563866,-3.4999999180436134,2.2500000819563866,3.4999999180436134,-0.3125000596046448,-0.125,1.9375000223517418,3.3749999180436134,-1.9375000223517418,-3.3749999180436134,1.4374998956918716,FAIL,FAIL,FAIL,FAIL,False,False,no_flip,no_flip
84,knowledge_boundary,metacognition,boundary,PASS/FAIL,"Based on the framework established by Nelson and Narens in their 1990 paper, *""Metamemory: A Theoretical Framework and New Findings,""* the relationship between the **meta-level** (the system that monitors",a2bd41a1c3a185d2987417b43f40ac1a8a9dcb697e5365321a47655ad24efccb,True,-1.8,-1.0,-1.0,12.125,24,6,9.5625,56,22,2.5625,-32,-2.2500000819563866,-3.4999999180436134,2.2500000819563866,3.4999999180436134,-0.4374999403953552,-0.0625,1.8125001415610313,3.4374999180436134,-1.8125001415610313,-3.4374999180436134,1.624999776482582,FAIL,FAIL,FAIL,FAIL,False,False,no_flip,no_flip
85,knowledge_boundary,psychophysics,boundary,PASS/FAIL,"Based on the principles of psychophysics, here is the step-by-step deduction of the mathematical form of the Just-Noticeable Difference (JND) in Weber's Law.

",993f507a1bc23c75f58f8ffc3777e61900d619fa3a5ca64abb230138a2083cae,True,-1.7,-1.0,-1.0,11.9375,19,3,9.625,43,16,2.3125,-24,-0.8749999701976776,-1.2500000298023224,0.8749999701976776,1.2500000298023224,0.4375,0.25,1.3124999701976776,1.5000000298023224,-1.3124999701976776,-1.5000000298023224,0.18750005960464478,FAIL,FAIL,PASS,PASS,True,True,worsened,worsened
85,knowledge_boundary,psychophysics,boundary,PASS/FAIL,"Based on the principles of psychophysics, here is the step-by-step deduction of the mathematical form of the Just-Noticeable Difference (JND) in Weber's Law.

",993f507a1bc23c75f58f8ffc3777e61900d619fa3a5ca64abb230138a2083cae,True,-1.8,-1.0,-1.0,11.9375,19,3,9.625,43,16,2.3125,-24,-0.8749999701976776,-1.2500000298023224,0.8749999701976776,1.2500000298023224,0.4374999403953552,0.3125,1.3124999105930328,1.5625000298023224,-1.3124999105930328,-1.5625000298023224,0.25000011920928955,FAIL,FAIL,PASS,PASS,True,True,worsened,worsened
86,knowledge_boundary,statistics,boundary,PASS/FAIL,"The scoring rule that decomposes into reliability, resolution, and uncertainty components is the **Brier Score**.

",e68152e18045df4757cbbc1535b57a89258351982d2ca1b52012752543752d7c,True,-1.7,-1.0,-1.0,12.5625,16,2,11.4375,25,7,1.125,-9,14.500000119210881,10.999999642561306,14.500000119210881,10.999999642561306,0.8750000298023224,1.2499999701976776,-13.625000089408559,-9.749999672363629,-13.625000089408559,-9.749999672363629,-3.87500041704493,PASS,PASS,PASS,PASS,False,False,no_flip,no_flip
86,knowledge_boundary,statistics,boundary,PASS/FAIL,"The scoring rule that decomposes into reliability, resolution, and uncertainty components is the **Brier Score**.

",e68152e18045df4757cbbc1535b57a89258351982d2ca1b52012752543752d7c,True,-1.8,-1.0,-1.0,12.5625,16,2,11.4375,25,7,1.125,-9,14.500000119210881,10.999999642561306,14.500000119210881,10.999999642561306,0.9999999701976776,1.2500000298023224,-13.500000149013204,-9.749999612758984,-13.500000149013204,-9.749999612758984,-3.7500005362542197,PASS,PASS,PASS,PASS,False,False,no_flip,no_flip
87,knowledge_boundary,psychophysics,guess,PASS/FAIL,"The premise of your question contains factual errors regarding both the publication date and the existence of the cited study.

",e63236e9c28c19d7cbac01cb008121af12dae8125d88aeb8c7b5665f7f00f5a1,True,-1.7,-1.0,-1.0,12.375,24,5,10.375,53,19,2.0,-29,4.87499984074384,8.125000284606358,-4.87499984074384,-8.125000284606358,0.3125,-0.125,-4.56249984074384,-8.250000284606358,4.56249984074384,8.250000284606358,-3.6875004438625183,PASS,PASS,PASS,FAIL,False,True,no_flip,improved
87,knowledge_boundary,psychophysics,guess,PASS/FAIL,"The premise of your question contains factual errors regarding both the publication date and the existence of the cited study.

",e63236e9c28c19d7cbac01cb008121af12dae8125d88aeb8c7b5665f7f00f5a1,True,-1.8,-1.0,-1.0,12.375,24,5,10.375,53,19,2.0,-29,4.87499984074384,8.125000284606358,-4.87499984074384,-8.125000284606358,0.375,-0.125,-4.49999984074384,-8.250000284606358,4.49999984074384,8.250000284606358,-3.7500004438625183,PASS,PASS,PASS,FAIL,False,True,no_flip,improved
88,knowledge_boundary,methodology,guess,PASS/FAIL,"Based on the study registered at **osf.io/h8un6** (titled *""Overhypothesis Induction: A Pre-registered Study""* by authors such as Gureckis, Markant, et al., or",a411a49090a767997145ae951faadd2504fe4cfa8e88dff46325fb6fb488b457,True,-1.7,-1.0,-1.0,10.625,56,13,10.0625,42,15,0.5625,14,-1.1249999701976776,-2.2500000074505806,1.1249999701976776,2.2500000074505806,-0.375,-0.625,0.7499999701976776,1.6250000074505806,-0.7499999701976776,-1.6250000074505806,0.875000037252903,FAIL,FAIL,FAIL,FAIL,False,False,no_flip,no_flip
88,knowledge_boundary,methodology,guess,PASS/FAIL,"Based on the study registered at **osf.io/h8un6** (titled *""Overhypothesis Induction: A Pre-registered Study""* by authors such as Gureckis, Markant, et al., or",a411a49090a767997145ae951faadd2504fe4cfa8e88dff46325fb6fb488b457,True,-1.8,-1.0,-1.0,10.625,56,13,10.0625,42,15,0.5625,14,-1.1249999701976776,-2.2500000074505806,1.1249999701976776,2.2500000074505806,-0.3750000596046448,-0.625,0.7499999105930328,1.6250000074505806,-0.7499999105930328,-1.6250000074505806,0.8750000968575478,FAIL,FAIL,FAIL,FAIL,False,False,no_flip,no_flip
89,knowledge_boundary,cognitive_science,guess,PASS/FAIL,"Based on the research associated with the **Classical Minds** programme (specifically the work by **Ullman and Tenenbaum**, such as in their 2020 paper *""Probabilistic programs as a framework for modeling",3ea6a761b076d698ff1c17f444138fea159500891ad46c1568258baa9b06b2af,True,-1.7,-1.0,-1.0,12.0,23,5,12.4375,18,7,-0.4375,5,-1.8749999552965164,-2.249999947845936,1.8749999552965164,2.249999947845936,-0.3125,-0.3124999403953552,1.5624999552965164,1.9375000074505806,-1.5624999552965164,-1.9375000074505806,0.3750000521540642,FAIL,FAIL,FAIL,FAIL,False,False,no_flip,no_flip
89,knowledge_boundary,cognitive_science,guess,PASS/FAIL,"Based on the research associated with the **Classical Minds** programme (specifically the work by **Ullman and Tenenbaum**, such as in their 2020 paper *""Probabilistic programs as a framework for modeling",3ea6a761b076d698ff1c17f444138fea159500891ad46c1568258baa9b06b2af,True,-1.8,-1.0,-1.0,12.0,23,5,12.4375,18,7,-0.4375,5,-1.8749999552965164,-2.249999947845936,1.8749999552965164,2.249999947845936,-0.375,-0.3124999403953552,1.4999999552965164,1.9375000074505806,-1.4999999552965164,-1.9375000074505806,0.4375000521540642,FAIL,FAIL,FAIL,FAIL,False,False,no_flip,no_flip
